{"credit":"MadewithBlockbench","textures":{"2":"furnituresplus:furnituresplus/iron_block"},"elements":[{"from":[4,0,0],"to":[17,1,13],"faces":{"north":{"uv":[0,0,12,1],"texture":"#2"},"east":{"uv":[0,0,12,1],"texture":"#2"},"south":{"uv":[0,0,12,1],"texture":"#2"},"west":{"uv":[0,0,12,1],"texture":"#2"},"up":{"uv":[0,0,16,16],"texture":"#2"},"down":{"uv":[0,0,12,12],"texture":"#2"}}},{"from":[-4,5,4],"to":[17,6,13],"faces":{"north":{"uv":[0,0,12,1],"texture":"#2"},"east":{"uv":[0,0,12,1],"texture":"#2"},"south":{"uv":[0,0,12,1],"texture":"#2"},"west":{"uv":[0,0,12,1],"texture":"#2"},"up":{"uv":[0,0,16,16],"texture":"#2"},"down":{"uv":[0,0,12,12],"texture":"#2"}}},{"from":[1,8,2],"to":[22,9,17],"faces":{"north":{"uv":[0,0,16,1],"texture":"#2"},"east":{"uv":[0,0,16,1],"texture":"#2"},"south":{"uv":[0,0,16,1],"texture":"#2"},"west":{"uv":[0,0,16,1],"texture":"#2"},"up":{"uv":[0,0,16,16],"texture":"#2"},"down":{"uv":[0,0,16,16],"texture":"#2"}}},{"from":[-1,0,7],"to":[17,5,8],"faces":{"north":{"uv":[0,0,16,5],"texture":"#2"},"east":{"uv":[0,0,1,5],"texture":"#2"},"south":{"uv":[0,0,16,5],"texture":"#2"},"west":{"uv":[0,0,1,5],"texture":"#2"},"up":{"uv":[0,0,16,1],"texture":"#2"},"down":{"uv":[0,0,16,1],"texture":"#2"}}},{"from":[1,0,13],"to":[9,8,14],"faces":{"north":{"uv":[0,0,10,8],"texture":"#2"},"east":{"uv":[0,0,1,8],"texture":"#2"},"south":{"uv":[0,0,10,8],"texture":"#2"},"west":{"uv":[0,0,1,8],"texture":"#2"},"up":{"uv":[0,0,10,1],"texture":"#2"},"down":{"uv":[0,0,10,1],"texture":"#2"}}}],"display":{"thirdperson_righthand":{"rotation":[75,45,0],"translation":[0,2.5,0],"scale":[0.375,0.375,0.375]},"thirdperson_lefthand":{"rotation":[75,45,0],"translation":[0,2.5,0],"scale":[0.375,0.375,0.375]},"firstperson_righthand":{"rotation":[0,45,0],"scale":[0.4,0.4,0.4]},"firstperson_lefthand":{"rotation":[0,45,0],"scale":[0.4,0.4,0.4]},"ground":{"translation":[0,2,0],"scale":[0.5,0.5,0.5]},"gui":{"rotation":[30,45,0],"translation":[0,-0.6,0],"scale":[0.5,0.5,0.5]},"head":{"translation":[0,-30.4,0],"scale":[1.6,1.6,1.6]},"fixed":{"rotation":[-90,180,0],"translation":[0,0,-14],"scale":[2.01,2.01,2.01]}}}