{
	"credit": "Made with Blockbench",
	"textures": {
		"0": "oreGem_diamond",
		"particle": "oreGem_diamond"
	},
	"elements": [
		{
			"from": [0, 0, 0],
			"to": [5, 1, 5],
			"faces": {
				"north": {"uv": [5.75, 7, 10.75, 8], "texture": "#0"},
				"east": {"uv": [8.5, 11.125, 13.5, 12.125], "texture": "#0"},
				"south": {"uv": [6.625, 5.875, 11.625, 6.875], "texture": "#0"},
				"west": {"uv": [5.375, 10.125, 10.375, 11.125], "texture": "#0"},
				"up": {"uv": [7.5, 1, 12.5, 6], "texture": "#0"},
				"down": {"uv": [10.125, 6.25, 15.125, 11.25], "texture": "#0"}
			}
		},
		{
			"from": [6, 0, 6],
			"to": [10, 1, 10],
			"faces": {
				"north": {"uv": [2.5, 9, 6.5, 10], "texture": "#0"},
				"east": {"uv": [1.875, 6.5, 5.875, 7.5], "texture": "#0"},
				"south": {"uv": [8.25, 4.375, 12.25, 5.375], "texture": "#0"},
				"west": {"uv": [2.125, 9.875, 6.125, 10.875], "texture": "#0"},
				"up": {"uv": [7.5, 5.375, 11.5, 9.375], "texture": "#0"},
				"down": {"uv": [4.125, 6.25, 8.125, 10.25], "texture": "#0"}
			}
		},
		{
			"from": [8, 0, 9],
			"to": [13, 1, 14],
			"faces": {
				"north": {"uv": [9.625, 7.625, 14.625, 8.625], "texture": "#0"},
				"east": {"uv": [7.25, 9.25, 12.25, 10.25], "texture": "#0"},
				"south": {"uv": [1.75, 10.5, 6.75, 11.5], "texture": "#0"},
				"west": {"uv": [2.875, 6.5, 7.875, 7.5], "texture": "#0"},
				"up": {"uv": [6.375, 3.875, 11.375, 8.875], "texture": "#0"},
				"down": {"uv": [9.125, 5.25, 14.125, 10.25], "texture": "#0"}
			}
		}
	],
	"groups": [
		{
			"name": "group",
			"origin": [8, 8, 8],
			"color": 0,
			"children": [0, 1, 2]
		}
	]
}