{"credit":"MadewithBlockbench","textures":{"0":"gardenplus:plantes/small_dripleaf_side","1":"gardenplus:plantes/small_dripleaf_stem_top","2":"gardenplus:plantes/small_dripleaf_top","3":"gardenplus:plantes/cobblestone","4":"gardenplus:plantes/dirt","particle":"gardenplus:plantes/small_dripleaf_side"},"elements":[{"from":[8,8.99,8],"to":[13.5,9.29,13.6],"shade":false,"rotation":{"angle":0,"axis":"y","origin":[0,6,0]},"faces":{"north":{"uv":[0,0,8,2],"texture":"#2"},"east":{"uv":[0,0,8,2],"texture":"#2"},"south":{"uv":[0,0,8,2],"texture":"#2"},"west":{"uv":[0,0,8,2],"texture":"#2"},"up":{"uv":[8,8,0,0],"texture":"#2"},"down":{"uv":[8,0,0,8],"texture":"#2"}}},{"from":[3.5,14,3.3],"to":[8,14.4,8],"shade":false,"rotation":{"angle":0,"axis":"y","origin":[0,6,0]},"faces":{"north":{"uv":[0,0,8,2],"texture":"#2"},"east":{"uv":[0,0,8,2],"texture":"#2"},"south":{"uv":[0,0,8,2],"texture":"#2"},"west":{"uv":[0,0,8,2],"texture":"#2"},"up":{"uv":[0,0,8,8],"texture":"#2"},"down":{"uv":[0,8,8,0],"texture":"#2"}}},{"from":[6.1,18,5.4],"to":[11,18.4,10.7],"shade":false,"rotation":{"angle":0,"axis":"y","origin":[0,6,0]},"faces":{"north":{"uv":[0,0,8,2],"texture":"#2"},"east":{"uv":[0,0,8,2],"texture":"#2"},"south":{"uv":[0,0,8,2],"texture":"#2"},"west":{"uv":[0,0,8,2],"texture":"#2"},"up":{"uv":[0,0,8,8],"rotation":270,"texture":"#2"},"down":{"uv":[8,0,0,8],"rotation":270,"texture":"#2"}}},{"from":[8,8,8],"to":[13.2,9,13.6],"shade":false,"rotation":{"angle":0,"axis":"y","origin":[0,6,0]},"faces":{"north":{"uv":[0,0,8,1],"texture":"#0"},"east":{"uv":[0,0,8,1],"texture":"#0"},"south":{"uv":[0,0,8,1],"texture":"#0"},"west":{"uv":[0,0,8,1],"texture":"#0"},"up":{"uv":[0,0,8,8],"texture":"#0"},"down":{"uv":[0,0,0,0],"texture":"#0"}}},{"from":[3.5,13,3.41],"to":[8,14,8],"shade":false,"rotation":{"angle":0,"axis":"y","origin":[0,6,0]},"faces":{"north":{"uv":[0,0,8,1],"texture":"#0"},"east":{"uv":[0,0,8,1],"texture":"#0"},"south":{"uv":[0,0,8,1],"texture":"#0"},"west":{"uv":[0,0,8,1],"texture":"#0"},"up":{"uv":[0,0,0,0],"texture":"#0"},"down":{"uv":[0,0,0,0],"texture":"#0"}}},{"from":[6.2,17,5.4],"to":[11,18,10.6],"shade":false,"rotation":{"angle":0,"axis":"y","origin":[0,6,0]},"faces":{"north":{"uv":[0,0,8,1],"texture":"#0"},"east":{"uv":[0,0,8,1],"texture":"#0"},"south":{"uv":[0,0,8,1],"texture":"#0"},"west":{"uv":[0,0,8,1],"texture":"#0"},"up":{"uv":[0,0,0,0],"texture":"#0"},"down":{"uv":[0,0,0,0],"texture":"#0"}}},{"from":[4.5,6,8],"to":[11.5,19,8],"shade":false,"rotation":{"angle":45,"axis":"y","origin":[8,14,8]},"faces":{"north":{"uv":[4,0,12,14],"texture":"#1"},"east":{"uv":[0,0,0,0],"texture":"#1"},"south":{"uv":[4,0,12,14],"texture":"#1"},"west":{"uv":[0,0,0,0],"texture":"#1"},"up":{"uv":[0,0,0,0],"texture":"#1"},"down":{"uv":[0,0,0,0],"texture":"#1"}}},{"from":[6.3,4,8],"to":[10.6,19,8],"shade":false,"rotation":{"angle":-45,"axis":"y","origin":[8,14,8]},"faces":{"north":{"uv":[4,0,12,14],"texture":"#1"},"east":{"uv":[0,0,0,0],"texture":"#1"},"south":{"uv":[4,0,12,14],"texture":"#1"},"west":{"uv":[0,0,0,0],"texture":"#1"},"up":{"uv":[0,0,0,0],"texture":"#1"},"down":{"uv":[0,0,0,0],"texture":"#1"}}},{"from":[5,0.99,4],"to":[12,5.99,5],"shade":false,"rotation":{"angle":0,"axis":"y","origin":[0,5,0]},"faces":{"north":{"uv":[0,0,16,8],"texture":"#3"},"east":{"uv":[0,0,2,8],"texture":"#3"},"south":{"uv":[0,0,16,8],"texture":"#3"},"west":{"uv":[0,0,2,8],"texture":"#3"},"up":{"uv":[8,4,0,0],"texture":"#3"},"down":{"uv":[8,0,0,4],"texture":"#3"}}},{"from":[4,0.99,5],"to":[5,5.99,12],"shade":false,"rotation":{"angle":0,"axis":"y","origin":[0,5,0]},"faces":{"north":{"uv":[0,0,3,8],"texture":"#3"},"east":{"uv":[0,0,16,16],"texture":"#3"},"south":{"uv":[0,0,3,8],"texture":"#3"},"west":{"uv":[0,0,16,8],"texture":"#3"},"up":{"uv":[8,8,0,0],"texture":"#3"},"down":{"uv":[8,0,0,3],"texture":"#3"}}},{"from":[12,0.99,5],"to":[13,5.99,12],"shade":false,"rotation":{"angle":0,"axis":"y","origin":[0,5,0]},"faces":{"north":{"uv":[0,0,2,8],"texture":"#3"},"east":{"uv":[0,0,16,8],"texture":"#3"},"south":{"uv":[0,0,2,8],"texture":"#3"},"west":{"uv":[0,0,16,16],"texture":"#3"},"up":{"uv":[8,8,0,0],"texture":"#3"},"down":{"uv":[8,0,0,3],"texture":"#3"}}},{"from":[5,-0.01,5],"to":[12,0.99,12],"shade":false,"rotation":{"angle":0,"axis":"y","origin":[0,5,0]},"faces":{"north":{"uv":[0,0,16,2],"texture":"#3"},"east":{"uv":[0,0,16,2],"texture":"#3"},"south":{"uv":[0,0,16,2],"texture":"#3"},"west":{"uv":[0,0,16,2],"texture":"#3"},"up":{"uv":[8,8,0,0],"texture":"#3"},"down":{"uv":[8,0,0,8],"texture":"#3"}}},{"from":[5,0.99,5],"to":[12,4.99,12],"shade":false,"rotation":{"angle":0,"axis":"y","origin":[0,5,0]},"faces":{"north":{"uv":[0,0,0,0],"texture":"#4"},"east":{"uv":[0,0,0,0],"texture":"#4"},"south":{"uv":[0,0,0,0],"texture":"#4"},"west":{"uv":[0,0,0,0],"texture":"#4"},"up":{"uv":[16,16,0,0],"texture":"#4"},"down":{"uv":[8,0,0,8],"texture":"#4"}}},{"from":[5,0.99,12],"to":[12,5.99,13],"shade":false,"rotation":{"angle":0,"axis":"y","origin":[0,5,0]},"faces":{"north":{"uv":[0,0,16,8],"texture":"#3"},"east":{"uv":[0,0,2,8],"texture":"#3"},"south":{"uv":[0,0,16,8],"texture":"#3"},"west":{"uv":[0,0,2,8],"texture":"#3"},"up":{"uv":[8,4,0,0],"texture":"#3"},"down":{"uv":[8,0,0,4],"texture":"#3"}}}],"display":{"thirdperson_righthand":{"rotation":[75,45,0],"translation":[0,2.5,0],"scale":[0.375,0.375,0.375]},"thirdperson_lefthand":{"rotation":[75,45,0],"translation":[0,2.5,0],"scale":[0.375,0.375,0.375]},"firstperson_righthand":{"rotation":[0,45,0],"scale":[0.4,0.4,0.4]},"firstperson_lefthand":{"rotation":[0,45,0],"scale":[0.4,0.4,0.4]},"ground":{"translation":[0,2,0],"scale":[0.5,0.5,0.5]},"gui":{"rotation":[30,45,0],"translation":[0,-0.6,0],"scale":[0.5,0.5,0.5]},"head":{"translation":[0,-30.4,0],"scale":[1.6,1.6,1.6]},"fixed":{"rotation":[-90,180,0],"translation":[0,0,-14],"scale":[2.01,2.01,2.01]}}}