{"credit":"MadewithBlockbench","textures":{"2":"gardenplus:plantes/lilac_top","3":"gardenplus:plantes/oak_planks","4":"gardenplus:plantes/dirt","7":"gardenplus:plantes/rose_bush_top","8":"gardenplus:plantes/peony_top","particle":"gardenplus:plantes/lilac_top"},"elements":[{"from":[0.7,13.4,3.8],"to":[10,19.4,3.8],"shade":false,"rotation":{"angle":-45,"axis":"y","origin":[4.4,21.4,3.8]},"faces":{"north":{"uv":[0,0,16,16],"texture":"#2"},"east":{"uv":[0,0,0,0],"texture":"#missing"},"south":{"uv":[0,0,16,16],"texture":"#2"},"west":{"uv":[0,0,0,0],"texture":"#missing"},"up":{"uv":[0,0,0,0],"texture":"#missing"},"down":{"uv":[0,0,0,0],"texture":"#missing"}}},{"from":[-0.9,12.4,3.8],"to":[7.2,19.4,3.8],"shade":false,"rotation":{"angle":22.5,"axis":"y","origin":[4.4,15.4,3.8]},"faces":{"north":{"uv":[0,0,16,16],"texture":"#2"},"east":{"uv":[0,0,0,0],"texture":"#missing"},"south":{"uv":[0,0,16,16],"texture":"#2"},"west":{"uv":[0,0,0,0],"texture":"#missing"},"up":{"uv":[0,0,0,0],"texture":"#missing"},"down":{"uv":[0,0,0,0],"texture":"#missing"}}},{"from":[4.4,12.4,-2.5],"to":[4.4,18.4,7.3],"shade":false,"rotation":{"angle":-22.5,"axis":"y","origin":[4.4,15.4,3.8]},"faces":{"north":{"uv":[0,0,0,0],"texture":"#missing"},"east":{"uv":[0,0,16,16],"texture":"#2"},"south":{"uv":[0,0,0,0],"texture":"#missing"},"west":{"uv":[0,0,16,16],"texture":"#2"},"up":{"uv":[0,0,0,0],"rotation":270,"texture":"#missing"},"down":{"uv":[0,0,0,0],"rotation":90,"texture":"#missing"}}},{"from":[4.7,13.4,3.8],"to":[14,19.4,3.8],"shade":false,"rotation":{"angle":-45,"axis":"y","origin":[8.4,21.4,3.8]},"faces":{"north":{"uv":[0,0,16,16],"texture":"#7"},"east":{"uv":[0,0,0,0],"texture":"#7"},"south":{"uv":[0,0,16,16],"texture":"#7"},"west":{"uv":[0,0,0,0],"texture":"#7"},"up":{"uv":[0,0,0,0],"texture":"#7"},"down":{"uv":[0,0,0,0],"texture":"#7"}}},{"from":[3.1,12.4,3.8],"to":[11.2,19.4,3.8],"shade":false,"rotation":{"angle":22.5,"axis":"y","origin":[8.4,15.4,3.8]},"faces":{"north":{"uv":[0,0,16,16],"texture":"#7"},"east":{"uv":[0,0,0,0],"texture":"#7"},"south":{"uv":[0,0,16,16],"texture":"#7"},"west":{"uv":[0,0,0,0],"texture":"#7"},"up":{"uv":[0,0,0,0],"texture":"#7"},"down":{"uv":[0,0,0,0],"texture":"#7"}}},{"from":[8.4,12.4,-2.5],"to":[8.4,18.4,7.3],"shade":false,"rotation":{"angle":-22.5,"axis":"y","origin":[8.4,15.4,3.8]},"faces":{"north":{"uv":[0,0,0,0],"texture":"#7"},"east":{"uv":[0,0,16,16],"texture":"#7"},"south":{"uv":[0,0,0,0],"texture":"#7"},"west":{"uv":[0,0,16,16],"texture":"#7"},"up":{"uv":[0,0,0,0],"rotation":270,"texture":"#7"},"down":{"uv":[0,0,0,0],"rotation":90,"texture":"#7"}}},{"from":[8.7,13.4,3.8],"to":[18,19.4,3.8],"shade":false,"rotation":{"angle":-45,"axis":"y","origin":[12.4,21.4,3.8]},"faces":{"north":{"uv":[0,0,16,16],"texture":"#8"},"east":{"uv":[0,0,0,0],"texture":"#8"},"south":{"uv":[0,0,16,16],"texture":"#8"},"west":{"uv":[0,0,0,0],"texture":"#8"},"up":{"uv":[0,0,0,0],"texture":"#8"},"down":{"uv":[0,0,0,0],"texture":"#8"}}},{"from":[7.1,12.4,3.8],"to":[15.2,19.4,3.8],"shade":false,"rotation":{"angle":22.5,"axis":"y","origin":[12.4,15.4,3.8]},"faces":{"north":{"uv":[0,0,16,16],"texture":"#8"},"east":{"uv":[0,0,0,0],"texture":"#8"},"south":{"uv":[0,0,16,16],"texture":"#8"},"west":{"uv":[0,0,0,0],"texture":"#8"},"up":{"uv":[0,0,0,0],"texture":"#8"},"down":{"uv":[0,0,0,0],"texture":"#8"}}},{"from":[12.4,12.4,-2.5],"to":[12.4,18.4,7.3],"shade":false,"rotation":{"angle":-22.5,"axis":"y","origin":[12.4,15.4,3.8]},"faces":{"north":{"uv":[0,0,0,0],"texture":"#8"},"east":{"uv":[0,0,16,16],"texture":"#8"},"south":{"uv":[0,0,0,0],"texture":"#8"},"west":{"uv":[0,0,16,16],"texture":"#8"},"up":{"uv":[0,0,0,0],"rotation":270,"texture":"#8"},"down":{"uv":[0,0,0,0],"rotation":90,"texture":"#8"}}},{"from":[0,7.99,1],"to":[1,12.99,6],"shade":false,"rotation":{"angle":0,"axis":"y","origin":[0,12,-5]},"faces":{"north":{"uv":[0,0,2,16],"texture":"#3"},"east":{"uv":[0,0,16,16],"texture":"#3"},"south":{"uv":[0,0,2,16],"texture":"#3"},"west":{"uv":[0,0,16,16],"texture":"#3"},"up":{"uv":[2,16,0,0],"texture":"#3"},"down":{"uv":[2,0,0,15],"texture":"#3"}}},{"from":[15,7.99,1],"to":[16,12.99,6],"shade":false,"rotation":{"angle":0,"axis":"y","origin":[0,12,-5]},"faces":{"north":{"uv":[0,0,2,8],"texture":"#3"},"east":{"uv":[0,0,16,16],"texture":"#3"},"south":{"uv":[0,0,2,8],"texture":"#3"},"west":{"uv":[0,0,16,16],"texture":"#3"},"up":{"uv":[2,16,0,0],"texture":"#3"},"down":{"uv":[2,0,0,16],"texture":"#3"}}},{"from":[15,7.99,0],"to":[16,15.99,1],"shade":false,"rotation":{"angle":0,"axis":"y","origin":[0,12,-5]},"faces":{"north":{"uv":[0,0,2,8],"texture":"#3"},"east":{"uv":[0,0,16,16],"texture":"#3"},"south":{"uv":[0,0,2,8],"texture":"#3"},"west":{"uv":[0,0,16,16],"texture":"#3"},"up":{"uv":[0,0,8,4],"texture":"#3"},"down":{"uv":[2,0,0,16],"texture":"#3"}}},{"from":[0,7.99,0],"to":[1,15.99,1],"shade":false,"rotation":{"angle":0,"axis":"y","origin":[0,12,-5]},"faces":{"north":{"uv":[0,0,2,8],"texture":"#3"},"east":{"uv":[0,0,16,16],"texture":"#3"},"south":{"uv":[0,0,2,8],"texture":"#3"},"west":{"uv":[0,0,16,16],"texture":"#3"},"up":{"uv":[0,0,8,4],"texture":"#3"},"down":{"uv":[2,0,0,16],"texture":"#3"}}},{"from":[0,14.99,-1],"to":[1,15.99,0],"shade":false,"rotation":{"angle":0,"axis":"y","origin":[0,12,-5]},"faces":{"north":{"uv":[0,0,8,4],"texture":"#3"},"east":{"uv":[0,0,8,4],"texture":"#3"},"south":{"uv":[0,0,2,8],"texture":"#3"},"west":{"uv":[0,0,8,4],"texture":"#3"},"up":{"uv":[0,0,8,4],"texture":"#3"},"down":{"uv":[2,0,0,16],"texture":"#3"}}},{"from":[15,14.99,-1],"to":[16,15.99,0],"shade":false,"rotation":{"angle":0,"axis":"y","origin":[0,12,-5]},"faces":{"north":{"uv":[0,0,8,4],"texture":"#3"},"east":{"uv":[0,0,8,4],"texture":"#3"},"south":{"uv":[0,0,2,8],"texture":"#3"},"west":{"uv":[0,0,8,4],"texture":"#3"},"up":{"uv":[0,0,8,4],"texture":"#3"},"down":{"uv":[2,0,0,16],"texture":"#3"}}},{"from":[1,6.99,1],"to":[15,7.99,6],"shade":false,"rotation":{"angle":0,"axis":"y","origin":[0,12,-5]},"faces":{"north":{"uv":[0,0,16,2],"texture":"#3"},"east":{"uv":[0,0,16,2],"texture":"#3"},"south":{"uv":[0,0,16,2],"texture":"#3"},"west":{"uv":[0,0,16,2],"texture":"#3"},"up":{"uv":[8,8,0,0],"texture":"#3"},"down":{"uv":[16,0,0,16],"texture":"#3"}}},{"from":[1,7.99,1],"to":[15,12.69,6],"shade":false,"rotation":{"angle":0,"axis":"y","origin":[0,12,-5]},"faces":{"north":{"uv":[0,0,0,0],"texture":"#4"},"east":{"uv":[0,0,0,0],"texture":"#4"},"south":{"uv":[0,0,0,0],"texture":"#4"},"west":{"uv":[0,0,0,0],"texture":"#4"},"up":{"uv":[16,7,0,0],"texture":"#4"},"down":{"uv":[8,0,0,8],"texture":"#4"}}},{"from":[1,7.99,6],"to":[15,12.99,7],"shade":false,"rotation":{"angle":0,"axis":"y","origin":[0,12,-5]},"faces":{"north":{"uv":[0,0,16,8],"texture":"#3"},"east":{"uv":[0,0,2,16],"texture":"#3"},"south":{"uv":[0,0,16,16],"texture":"#3"},"west":{"uv":[0,0,2,8],"texture":"#3"},"up":{"uv":[16,2,0,0],"texture":"#3"},"down":{"uv":[16,0,0,2],"texture":"#3"}}},{"from":[1,7.99,0],"to":[15,12.99,1],"shade":false,"rotation":{"angle":0,"axis":"y","origin":[0,12,-5]},"faces":{"north":{"uv":[0,0,16,8],"texture":"#3"},"east":{"uv":[0,0,2,16],"texture":"#3"},"south":{"uv":[0,0,16,16],"texture":"#3"},"west":{"uv":[0,0,2,8],"texture":"#3"},"up":{"uv":[16,2,0,0],"texture":"#3"},"down":{"uv":[16,0,0,2],"texture":"#3"}}}],"display":{"thirdperson_righthand":{"rotation":[75,45,0],"translation":[0,2.5,0],"scale":[0.375,0.375,0.375]},"thirdperson_lefthand":{"rotation":[75,45,0],"translation":[0,2.5,0],"scale":[0.375,0.375,0.375]},"firstperson_righthand":{"rotation":[0,45,0],"scale":[0.4,0.4,0.4]},"firstperson_lefthand":{"rotation":[0,45,0],"scale":[0.4,0.4,0.4]},"ground":{"translation":[0,2,0],"scale":[0.5,0.5,0.5]},"gui":{"rotation":[30,45,0],"translation":[0,-0.6,0],"scale":[0.5,0.5,0.5]},"head":{"translation":[0,-30.4,0],"scale":[1.6,1.6,1.6]},"fixed":{"rotation":[-90,180,0],"translation":[0,0,-14],"scale":[2.01,2.01,2.01]}}}