{"credit":"MadewithBlockbench","textures":{"3":"furnituresplus:furnituresplus/amethyst_block","4":"furnituresplus:furnituresplus/quartz_pillar","5":"furnituresplus:furnituresplus/quartz_pillar_top"},"elements":[{"from":[0,6,0],"to":[16,15,1],"faces":{"north":{"uv":[0,0,16,9],"texture":"#4"},"east":{"uv":[0,0,1,9],"texture":"#4"},"south":{"uv":[0,0,16,9],"texture":"#4"},"west":{"uv":[0,0,1,9],"texture":"#4"},"up":{"uv":[0,0,16,1],"texture":"#4"},"down":{"uv":[0,0,16,1],"texture":"#4"}}},{"from":[0,15,0],"to":[16,16,16],"faces":{"north":{"uv":[0,0,16,1],"texture":"#5"},"east":{"uv":[0,0,16,1],"texture":"#5"},"south":{"uv":[0,0,16,1],"texture":"#5"},"west":{"uv":[0,0,16,1],"texture":"#5"},"up":{"uv":[0,0,16,16],"texture":"#5"},"down":{"uv":[0,0,16,16],"texture":"#5"}}},{"from":[0,5,0],"to":[16,6,16],"faces":{"north":{"uv":[0,0,16,1],"texture":"#5"},"east":{"uv":[0,0,16,1],"texture":"#5"},"south":{"uv":[0,0,16,1],"texture":"#5"},"west":{"uv":[0,0,16,1],"texture":"#5"},"up":{"uv":[0,0,16,16],"texture":"#5"},"down":{"uv":[0,0,16,16],"texture":"#5"}}},{"from":[1,10,1],"to":[15,11,16],"faces":{"north":{"uv":[0,0,14,1],"texture":"#5"},"east":{"uv":[0,0,15,1],"texture":"#5"},"south":{"uv":[0,0,14,1],"texture":"#5"},"west":{"uv":[0,0,15,1],"texture":"#5"},"up":{"uv":[0,0,16,16],"texture":"#5"},"down":{"uv":[0,0,14,15],"texture":"#5"}}},{"from":[1.1,6.2,14],"to":[14.9,10,15.8],"faces":{"north":{"uv":[0,0,13.8,3.8],"texture":"#3"},"east":{"uv":[0,0,15.8,3.8],"texture":"#3"},"south":{"uv":[0,0,16,9.8],"texture":"#3"},"west":{"uv":[0,0,15.8,3.8],"texture":"#3"},"up":{"uv":[0,0,13.8,15.8],"texture":"#3"},"down":{"uv":[0,0,13.8,15.8],"texture":"#3"}}},{"from":[0,6,1],"to":[1,15,16],"faces":{"north":{"uv":[0,0,1,9],"texture":"#4"},"east":{"uv":[0,0,15,9],"texture":"#4"},"south":{"uv":[0,0,1,9],"texture":"#4"},"west":{"uv":[0,0,15,9],"texture":"#4"},"up":{"uv":[0,0,1,15],"texture":"#4"},"down":{"uv":[0,0,1,15],"texture":"#4"}}},{"from":[0,0,14],"to":[1,6,15],"rotation":{"angle":-22.5,"axis":"z","origin":[0,0,0]},"faces":{"north":{"uv":[0,0,1,6],"texture":"#4"},"east":{"uv":[0,0,1,6],"texture":"#4"},"south":{"uv":[0,0,1,6],"texture":"#4"},"west":{"uv":[0,0,1,6],"texture":"#4"},"up":{"uv":[0,0,1,1],"texture":"#4"},"down":{"uv":[0,0,1,1],"texture":"#4"}}},{"from":[0,0,1],"to":[1,6,2],"rotation":{"angle":-22.5,"axis":"z","origin":[0,0,0]},"faces":{"north":{"uv":[0,0,1,6],"texture":"#4"},"east":{"uv":[0,0,1,6],"texture":"#4"},"south":{"uv":[0,0,1,6],"texture":"#4"},"west":{"uv":[0,0,1,6],"texture":"#4"},"up":{"uv":[0,0,1,1],"texture":"#4"},"down":{"uv":[0,0,1,1],"texture":"#4"}}},{"from":[15,0,1],"to":[16,6,2],"rotation":{"angle":22.5,"axis":"z","origin":[16,0,0]},"faces":{"north":{"uv":[1,0,0,6],"texture":"#4"},"east":{"uv":[1,0,0,6],"texture":"#4"},"south":{"uv":[1,0,0,6],"texture":"#4"},"west":{"uv":[1,0,0,6],"texture":"#4"},"up":{"uv":[1,0,0,1],"texture":"#4"},"down":{"uv":[1,0,0,1],"texture":"#4"}}},{"from":[15,0,14],"to":[16,6,15],"rotation":{"angle":22.5,"axis":"z","origin":[16,0,0]},"faces":{"north":{"uv":[1,0,0,6],"texture":"#4"},"east":{"uv":[1,0,0,6],"texture":"#4"},"south":{"uv":[1,0,0,6],"texture":"#4"},"west":{"uv":[1,0,0,6],"texture":"#4"},"up":{"uv":[1,0,0,1],"texture":"#4"},"down":{"uv":[1,0,0,1],"texture":"#4"}}},{"from":[15,6,1],"to":[16,15,16],"faces":{"north":{"uv":[0,0,1,9],"texture":"#4"},"east":{"uv":[0,0,15,9],"texture":"#4"},"south":{"uv":[0,0,1,9],"texture":"#4"},"west":{"uv":[0,0,15,9],"texture":"#4"},"up":{"uv":[0,0,1,15],"texture":"#4"},"down":{"uv":[0,0,1,15],"texture":"#4"}}},{"from":[7,8,15.3],"to":[9,9,16.3],"faces":{"north":{"uv":[0,0,2,1],"texture":"#4"},"east":{"uv":[0,0,1,1],"texture":"#4"},"south":{"uv":[0,0,2,1],"texture":"#4"},"west":{"uv":[0,0,1,1],"texture":"#4"},"up":{"uv":[0,0,2,1],"texture":"#4"},"down":{"uv":[0,0,2,1],"texture":"#4"}}}],"display":{"thirdperson_righthand":{"rotation":[75,45,0],"translation":[0,2.5,0],"scale":[0.375,0.375,0.375]},"thirdperson_lefthand":{"rotation":[75,45,0],"translation":[0,2.5,0],"scale":[0.375,0.375,0.375]},"firstperson_righthand":{"rotation":[0,45,0],"scale":[0.4,0.4,0.4]},"firstperson_lefthand":{"rotation":[0,45,0],"scale":[0.4,0.4,0.4]},"ground":{"translation":[0,2,0],"scale":[0.5,0.5,0.5]},"gui":{"rotation":[30,45,0],"translation":[0,-0.6,0],"scale":[0.5,0.5,0.5]},"head":{"translation":[0,-30.4,0],"scale":[1.6,1.6,1.6]},"fixed":{"rotation":[-90,180,0],"translation":[0,0,-14],"scale":[2.01,2.01,2.01]}}}