{"credit":"MadewithBlockbench","textures":{"2":"furnituresplus:furnituresplus/quartz_pillar","3":"furnituresplus:furnituresplus/amethyst_block","4":"furnituresplus:furnituresplus/amethyst_cluster"},"elements":[{"from":[4,0,4],"to":[12,2,12],"faces":{"north":{"uv":[0,0,8,1],"texture":"#2"},"east":{"uv":[0,0,8,1],"texture":"#2"},"south":{"uv":[0,0,8,1],"texture":"#2"},"west":{"uv":[0,0,8,1],"texture":"#2"},"up":{"uv":[8,3,16,11],"texture":"#2"},"down":{"uv":[0,0,8,8],"texture":"#2"}}},{"from":[7,6,7],"to":[9,7,9],"faces":{"north":{"uv":[0,0,2,1],"texture":"#2"},"east":{"uv":[0,0,2,1],"texture":"#2"},"south":{"uv":[0,0,2,1],"texture":"#2"},"west":{"uv":[0,0,2,1],"texture":"#2"},"up":{"uv":[0,0,2,2],"texture":"#2"},"down":{"uv":[0,0,2,2],"texture":"#2"}}},{"from":[7,9,7],"to":[9,14,9],"faces":{"north":{"uv":[0,0,2,1],"texture":"#2"},"east":{"uv":[0,0,2,1],"texture":"#2"},"south":{"uv":[0,0,2,1],"texture":"#2"},"west":{"uv":[0,0,2,1],"texture":"#2"},"up":{"uv":[0,0,2,2],"texture":"#2"},"down":{"uv":[0,0,2,2],"texture":"#2"}}},{"from":[7,25,7],"to":[9,30,9],"faces":{"north":{"uv":[2,5,3,6],"texture":"#3"},"east":{"uv":[2,5,3,6],"texture":"#3"},"south":{"uv":[2,5,3,6],"texture":"#3"},"west":{"uv":[2,5,3,6],"texture":"#3"},"up":{"uv":[2,5,3,6],"texture":"#3"},"down":{"uv":[2,5,3,6],"texture":"#3"}}},{"from":[7,16,7],"to":[9,17,9],"faces":{"north":{"uv":[0,0,2,1],"texture":"#2"},"east":{"uv":[0,0,2,1],"texture":"#2"},"south":{"uv":[0,0,2,1],"texture":"#2"},"west":{"uv":[0,0,2,1],"texture":"#2"},"up":{"uv":[0,0,2,2],"texture":"#2"},"down":{"uv":[0,0,2,2],"texture":"#2"}}},{"from":[7.8,24,4],"to":[8.2,25,12],"faces":{"north":{"uv":[0,0,0.4,1],"texture":"#2"},"east":{"uv":[0,0,8,1],"texture":"#2"},"south":{"uv":[0,0,0.4,1],"texture":"#2"},"west":{"uv":[0,0,8,1],"texture":"#2"},"up":{"uv":[0,0,0.4,8],"texture":"#2"},"down":{"uv":[0,0,0.4,8],"texture":"#2"}}},{"from":[4,24,7.8],"to":[12,25,8.2],"faces":{"north":{"uv":[0,0,8,1],"texture":"#2"},"east":{"uv":[0,0,0.4,1],"texture":"#2"},"south":{"uv":[0,0,8,1],"texture":"#2"},"west":{"uv":[0,0,0.4,1],"texture":"#2"},"up":{"uv":[0,0,0.4,8],"rotation":270,"texture":"#2"},"down":{"uv":[0,0,0.4,8],"rotation":90,"texture":"#2"}}},{"from":[7.4,1,7.4],"to":[8.6,25,8.6],"faces":{"north":{"uv":[2,0,3.2,16],"texture":"#2"},"east":{"uv":[2,0,3.2,16],"texture":"#2"},"south":{"uv":[2,0,3.2,16],"texture":"#2"},"west":{"uv":[2,0,3.2,16],"texture":"#2"},"up":{"uv":[0,0,1.2,1.2],"texture":"#2"},"down":{"uv":[0,0,1.2,1.2],"texture":"#2"}}},{"from":[4,20,12],"to":[12,28,13],"faces":{"north":{"uv":[0,0,16,16],"texture":"#3"},"east":{"uv":[0,0,1,7],"texture":"#3"},"south":{"uv":[0,0,16,16],"texture":"#3"},"west":{"uv":[0,0,1,7],"texture":"#3"},"up":{"uv":[0,0,8,1],"texture":"#3"},"down":{"uv":[0,0,8,1],"texture":"#3"}}},{"from":[4,20,3],"to":[12,28,4],"faces":{"north":{"uv":[0,0,16,16],"texture":"#3"},"east":{"uv":[0,0,1,7],"texture":"#3"},"south":{"uv":[0,0,16,16],"texture":"#3"},"west":{"uv":[0,0,1,7],"texture":"#3"},"up":{"uv":[0,0,8,1],"texture":"#3"},"down":{"uv":[0,0,8,1],"texture":"#3"}}},{"from":[3,20,4],"to":[4,28,12],"faces":{"north":{"uv":[0,0,1,7],"texture":"#3"},"east":{"uv":[0,0,16,16],"texture":"#3"},"south":{"uv":[0,0,1,7],"texture":"#3"},"west":{"uv":[0,0,16,16],"texture":"#3"},"up":{"uv":[0,0,8,1],"rotation":270,"texture":"#3"},"down":{"uv":[0,0,8,1],"rotation":90,"texture":"#3"}}},{"from":[12,20,4],"to":[13,28,12],"faces":{"north":{"uv":[0,0,1,7],"texture":"#3"},"east":{"uv":[0,0,16,16],"texture":"#3"},"south":{"uv":[0,0,1,7],"texture":"#3"},"west":{"uv":[0,0,16,16],"texture":"#3"},"up":{"uv":[0,0,8,1],"rotation":270,"texture":"#3"},"down":{"uv":[0,0,8,1],"rotation":90,"texture":"#3"}}},{"from":[12,28,4],"to":[12.1,32,12],"faces":{"north":{"uv":[0,0,1,7],"texture":"#4"},"east":{"uv":[0,0,16,16],"texture":"#4"},"south":{"uv":[0,0,1,7],"texture":"#4"},"west":{"uv":[0,0,16,16],"texture":"#4"},"up":{"uv":[0,0,4,1],"rotation":270,"texture":"#4"},"down":{"uv":[0,0,2,1],"rotation":90,"texture":"#4"}}},{"from":[3.9,28,4],"to":[4,32,12],"faces":{"north":{"uv":[0,0,1,7],"texture":"#4"},"east":{"uv":[0,0,16,16],"texture":"#4"},"south":{"uv":[0,0,1,7],"texture":"#4"},"west":{"uv":[0,0,16,16],"texture":"#4"},"up":{"uv":[0,0,4,1],"rotation":270,"texture":"#4"},"down":{"uv":[0,0,2,1],"rotation":90,"texture":"#4"}}},{"from":[4,28,3.8],"to":[12,32,3.9],"faces":{"north":{"uv":[0,0,16,16],"texture":"#4"},"east":{"uv":[0,0,1,7],"texture":"#4"},"south":{"uv":[0,0,16,16],"texture":"#4"},"west":{"uv":[0,0,1,7],"texture":"#4"},"up":{"uv":[0,0,4,1],"rotation":180,"texture":"#4"},"down":{"uv":[0,0,2,1],"rotation":180,"texture":"#4"}}},{"from":[4,28,12.1],"to":[12,32,12.2],"faces":{"north":{"uv":[0,0,16,16],"texture":"#4"},"east":{"uv":[0,0,1,7],"texture":"#4"},"south":{"uv":[0,0,16,16],"texture":"#4"},"west":{"uv":[0,0,1,7],"texture":"#4"},"up":{"uv":[0,0,4,1],"rotation":180,"texture":"#4"},"down":{"uv":[0,0,2,1],"rotation":180,"texture":"#4"}}},{"from":[3.9,16,4],"to":[4,20,12],"rotation":{"angle":0,"axis":"x","origin":[16,16,16]},"faces":{"north":{"uv":[0,7,1,0],"texture":"#4"},"east":{"uv":[0,16,16,0],"texture":"#4"},"south":{"uv":[0,7,1,0],"texture":"#4"},"west":{"uv":[0,16,16,0],"texture":"#4"},"up":{"uv":[0,1,2,0],"rotation":90,"texture":"#4"},"down":{"uv":[0,1,4,0],"rotation":270,"texture":"#4"}}},{"from":[4,16,3.8],"to":[12,20,3.9],"rotation":{"angle":0,"axis":"y","origin":[16,16,16]},"faces":{"north":{"uv":[0,16,16,0],"texture":"#4"},"east":{"uv":[0,7,1,0],"texture":"#4"},"south":{"uv":[0,16,16,0],"texture":"#4"},"west":{"uv":[0,7,1,0],"texture":"#4"},"up":{"uv":[2,0,0,1],"rotation":180,"texture":"#4"},"down":{"uv":[4,0,0,1],"rotation":180,"texture":"#4"}}},{"from":[12,16,4],"to":[12.1,20,12],"rotation":{"angle":0,"axis":"x","origin":[16,16,16]},"faces":{"north":{"uv":[0,7,1,0],"texture":"#4"},"east":{"uv":[0,16,16,0],"texture":"#4"},"south":{"uv":[0,7,1,0],"texture":"#4"},"west":{"uv":[0,16,16,0],"texture":"#4"},"up":{"uv":[0,1,2,0],"rotation":90,"texture":"#4"},"down":{"uv":[0,1,4,0],"rotation":270,"texture":"#4"}}},{"from":[4,16,12.1],"to":[12,20,12.2],"rotation":{"angle":0,"axis":"y","origin":[16,16,16]},"faces":{"north":{"uv":[0,16,16,0],"texture":"#4"},"east":{"uv":[0,7,1,0],"texture":"#4"},"south":{"uv":[0,16,16,0],"texture":"#4"},"west":{"uv":[0,7,1,0],"texture":"#4"},"up":{"uv":[2,0,0,1],"rotation":180,"texture":"#4"},"down":{"uv":[4,0,0,1],"rotation":180,"texture":"#4"}}}],"display":{"thirdperson_righthand":{"rotation":[55.75,45,0],"translation":[0,0.25,0.5],"scale":[0.26172,0.26172,0.26172]},"thirdperson_lefthand":{"rotation":[75,45,0],"translation":[0,2.5,0],"scale":[0.375,0.375,0.375]},"firstperson_righthand":{"rotation":[0,45,0],"scale":[0.4,0.4,0.4]},"firstperson_lefthand":{"rotation":[0,45,0],"scale":[0.4,0.4,0.4]},"ground":{"translation":[0,2,0],"scale":[0.5,0.5,0.5]},"gui":{"rotation":[30,45,0],"translation":[0,-3.1,0],"scale":[0.4375,0.4375,0.4375]},"head":{"translation":[0,-30.4,0],"scale":[1.6,1.6,1.6]},"fixed":{"rotation":[-90,180,0],"translation":[0,0,-14],"scale":[2.01,2.01,2.01]}}}