{"credit":"MadewithBlockbench","textures":{"2":"furnituresplus:furnituresplus/quartz_pillar","3":"furnituresplus:furnituresplus/amethyst_block","4":"furnituresplus:furnituresplus/amethyst_cluster","particle":"furnituresplus:furnituresplus/cyan_wool"},"elements":[{"from":[13,7,2],"to":[14,8,13],"faces":{"north":{"uv":[0,0,1,1],"texture":"#2"},"east":{"uv":[0,0,11,1],"texture":"#2"},"south":{"uv":[0,0,1,1],"texture":"#2"},"west":{"uv":[0,0,11,1],"texture":"#2"},"up":{"uv":[0,0,1,11],"texture":"#2"},"down":{"uv":[0,0,1,11],"texture":"#2"}}},{"from":[13,0.7,12],"to":[14,7,13],"faces":{"north":{"uv":[0,0,1,6.3],"texture":"#2"},"east":{"uv":[0,0,1,6.3],"texture":"#2"},"south":{"uv":[0,0,1,6.3],"texture":"#2"},"west":{"uv":[0,0,1,6.3],"texture":"#2"},"up":{"uv":[0,0,1,1],"texture":"#2"},"down":{"uv":[0,0,1,1],"texture":"#2"}}},{"from":[13,1,1],"to":[14,19.5,2],"faces":{"north":{"uv":[0,0,1,16],"texture":"#2"},"east":{"uv":[0,0,1,16],"texture":"#2"},"south":{"uv":[0,0,1,16],"texture":"#2"},"west":{"uv":[0,0,1,16],"texture":"#2"},"up":{"uv":[0,0,1,1],"texture":"#2"},"down":{"uv":[0,0,1,1],"texture":"#2"}}},{"from":[2,1,12],"to":[3,7,13],"faces":{"north":{"uv":[0,0,1,6],"texture":"#2"},"east":{"uv":[0,0,1,6],"texture":"#2"},"south":{"uv":[0,0,1,6],"texture":"#2"},"west":{"uv":[0,0,1,6],"texture":"#2"},"up":{"uv":[0,0,1,1],"texture":"#2"},"down":{"uv":[0,0,1,1],"texture":"#2"}}},{"from":[2,0,1],"to":[3,1,13],"faces":{"north":{"uv":[0,0,1.6,1],"texture":"#2"},"east":{"uv":[0,0,1.8,1],"texture":"#2"},"south":{"uv":[0,0,1.6,1],"texture":"#2"},"west":{"uv":[0,0,1.8,1],"texture":"#2"},"up":{"uv":[0,0,1.6,1.8],"texture":"#2"},"down":{"uv":[0,0,1.6,1.8],"texture":"#2"}}},{"from":[13,0,1],"to":[14,1,13],"faces":{"north":{"uv":[0,0,1.6,1],"texture":"#2"},"east":{"uv":[0,0,1.8,1],"texture":"#2"},"south":{"uv":[0,0,1.6,1],"texture":"#2"},"west":{"uv":[0,0,1.8,1],"texture":"#2"},"up":{"uv":[0,0,1.6,1.8],"texture":"#2"},"down":{"uv":[0,0,1.6,1.8],"texture":"#2"}}},{"from":[2,7,2],"to":[3,8,13],"faces":{"north":{"uv":[0,0,1,1],"texture":"#2"},"east":{"uv":[0,0,11,1],"texture":"#2"},"south":{"uv":[0,0,1,1],"texture":"#2"},"west":{"uv":[0,0,11,1],"texture":"#2"},"up":{"uv":[0,0,1,11],"texture":"#2"},"down":{"uv":[0,0,1,11],"texture":"#2"}}},{"from":[2,0.9,1],"to":[3,19.8,2],"faces":{"north":{"uv":[0,0,1,16],"texture":"#2"},"east":{"uv":[0,0,1,16],"texture":"#2"},"south":{"uv":[0,0,1,16],"texture":"#2"},"west":{"uv":[0,0,1,16],"texture":"#2"},"up":{"uv":[0,0,1,1],"texture":"#2"},"down":{"uv":[0,0,1,1],"texture":"#2"}}},{"from":[3,7,1],"to":[13,9,2],"faces":{"north":{"uv":[0,0,10,2],"texture":"#2"},"east":{"uv":[0,0,1,2],"texture":"#2"},"south":{"uv":[0,0,10,2],"texture":"#2"},"west":{"uv":[0,0,1,2],"texture":"#2"},"up":{"uv":[0,0,10,1],"texture":"#2"},"down":{"uv":[0,0,10,1],"texture":"#2"}}},{"from":[2.3,12.5,0.8],"to":[13.7,23.2,2.6],"rotation":{"angle":0,"axis":"y","origin":[0,1.5,0]},"faces":{"north":{"uv":[0,0,16,16],"texture":"#3"},"east":{"uv":[0,0,2,16],"texture":"#3"},"south":{"uv":[0,0,16,16],"texture":"#3"},"west":{"uv":[0,0,2,16],"texture":"#3"},"up":{"uv":[0,0,16,3],"texture":"#3"},"down":{"uv":[0,0,10,1],"texture":"#3"}}},{"from":[3,7,12],"to":[13,8,13],"faces":{"north":{"uv":[0,0,10,1],"texture":"#2"},"east":{"uv":[0,0,1,1],"texture":"#2"},"south":{"uv":[0,0,10,1],"texture":"#2"},"west":{"uv":[0,0,1,1],"texture":"#2"},"up":{"uv":[0,0,10,1],"texture":"#2"},"down":{"uv":[0,0,10,1],"texture":"#2"}}},{"from":[3.4,23.2,1.1],"to":[5.9,25.2,1.6],"faces":{"north":{"uv":[0,0,16,16],"texture":"#4"},"east":{"uv":[0,0,1,1],"texture":"#4"},"south":{"uv":[0,0,16,16],"texture":"#4"},"west":{"uv":[0,0,1,1],"texture":"#4"},"up":{"uv":[0,0,4,1],"texture":"#4"},"down":{"uv":[0,0,10,1],"texture":"#4"}}},{"from":[10.1,23.2,1.1],"to":[12.6,25.2,1.6],"faces":{"north":{"uv":[0,0,16,16],"texture":"#4"},"east":{"uv":[0,0,1,1],"texture":"#4"},"south":{"uv":[0,0,16,16],"texture":"#4"},"west":{"uv":[0,0,1,1],"texture":"#4"},"up":{"uv":[0,0,4,1],"texture":"#4"},"down":{"uv":[0,0,10,1],"texture":"#4"}}},{"from":[5.3,23.15,1.1],"to":[10.7,27.35,1.6],"faces":{"north":{"uv":[0,0,16,16],"texture":"#4"},"east":{"uv":[0,0,1,1],"texture":"#4"},"south":{"uv":[0,0,16,16],"texture":"#4"},"west":{"uv":[0,0,1,1],"texture":"#4"},"up":{"uv":[0,0,3,1],"texture":"#4"},"down":{"uv":[0,0,10,1],"texture":"#4"}}},{"from":[5.3,2.95,12.9],"to":[10.7,7.15,13.4],"rotation":{"angle":0,"axis":"y","origin":[0,16,0]},"faces":{"north":{"uv":[0,16,16,0],"texture":"#4"},"east":{"uv":[0,1,1,0],"texture":"#4"},"south":{"uv":[0,16,16,0],"texture":"#4"},"west":{"uv":[0,1,1,0],"texture":"#4"},"up":{"uv":[0,1,10,0],"texture":"#4"},"down":{"uv":[0,1,3,0],"texture":"#4"}}},{"from":[3.4,5.1,12.9],"to":[5.9,7.1,13.4],"rotation":{"angle":0,"axis":"y","origin":[0,16,0]},"faces":{"north":{"uv":[0,16,16,0],"texture":"#4"},"east":{"uv":[0,1,1,0],"texture":"#4"},"south":{"uv":[0,16,16,0],"texture":"#4"},"west":{"uv":[0,1,1,0],"texture":"#4"},"up":{"uv":[0,1,10,0],"texture":"#4"},"down":{"uv":[0,1,4,0],"texture":"#4"}}},{"from":[10.1,5.1,12.9],"to":[12.6,7.1,13.4],"rotation":{"angle":0,"axis":"y","origin":[0,16,0]},"faces":{"north":{"uv":[0,16,16,0],"texture":"#4"},"east":{"uv":[0,1,1,0],"texture":"#4"},"south":{"uv":[0,16,16,0],"texture":"#4"},"west":{"uv":[0,1,1,0],"texture":"#4"},"up":{"uv":[0,1,10,0],"texture":"#4"},"down":{"uv":[0,1,4,0],"texture":"#4"}}},{"from":[1.7,6.9,2],"to":[14.4,9,13.6],"faces":{"north":{"uv":[0,0,15.5,2],"texture":"#3"},"east":{"uv":[0,0,15.6,2],"texture":"#3"},"south":{"uv":[0,0,15.5,2],"texture":"#3"},"west":{"uv":[0,0,15.6,2],"texture":"#3"},"up":{"uv":[0,0,16,16],"texture":"#3"},"down":{"uv":[0,0,12.5,11.6],"texture":"#3"}}}],"display":{"thirdperson_righthand":{"rotation":[75,45,0],"translation":[0,2.5,0],"scale":[0.375,0.375,0.375]},"thirdperson_lefthand":{"rotation":[75,45,0],"translation":[0,2.5,0],"scale":[0.375,0.375,0.375]},"firstperson_righthand":{"rotation":[0,45,0],"scale":[0.4,0.4,0.4]},"firstperson_lefthand":{"rotation":[0,45,0],"scale":[0.4,0.4,0.4]},"ground":{"translation":[0,2,0],"scale":[0.5,0.5,0.5]},"gui":{"rotation":[30,45,0],"translation":[0,-0.6,0],"scale":[0.5,0.5,0.5]},"head":{"translation":[0,-30.4,0],"scale":[1.6,1.6,1.6]},"fixed":{"rotation":[-90,180,0],"translation":[0,0,-14],"scale":[2.01,2.01,2.01]}}}