{"credit":"MadewithBlockbench","textures":{"2":"furnituresplus:furnituresplus/quartz_pillar","4":"furnituresplus:furnituresplus/amethystefabric","5":"furnituresplus:furnituresplus/amethyst_block","particle":"furnituresplus:furnituresplus/amethyst_cluster"},"elements":[{"from":[0,4,0],"to":[16,9,16],"rotation":{"angle":0,"axis":"y","origin":[16,0,0]},"faces":{"north":{"uv":[16,0,0,5],"texture":"#4"},"east":{"uv":[16,0,0,5],"texture":"#4"},"south":{"uv":[16,0,0,5],"texture":"#4"},"west":{"uv":[16,0,0,5],"texture":"#4"},"up":{"uv":[16,0,0,16],"texture":"#4"},"down":{"uv":[16,0,0,16],"texture":"#4"}}},{"from":[0,0,1],"to":[16,4,15],"rotation":{"angle":0,"axis":"y","origin":[16,0,0]},"faces":{"north":{"uv":[0,0,16,4],"texture":"#2"},"east":{"uv":[2,0,16,4],"texture":"#2"},"south":{"uv":[0,0,16,4],"texture":"#2"},"west":{"uv":[2,0,16,4],"texture":"#2"},"up":{"uv":[0,0,16,14],"texture":"#2"},"down":{"uv":[0,0,16,14],"texture":"#2"}}},{"from":[0,9,0],"to":[16,14,5],"rotation":{"angle":0,"axis":"y","origin":[16,0,0]},"faces":{"north":{"uv":[16,0,0,5],"texture":"#4"},"east":{"uv":[5,0,0,5],"texture":"#4"},"south":{"uv":[16,0,0,5],"texture":"#4"},"west":{"uv":[5,0,0,5],"texture":"#4"},"up":{"uv":[16,0,0,5],"texture":"#4"},"down":{"uv":[16,0,0,5],"texture":"#4"}}},{"from":[1,9,5],"to":[15,16,8],"rotation":{"angle":0,"axis":"y","origin":[16,0,0]},"faces":{"north":{"uv":[16,0,0,16],"texture":"#5"},"east":{"uv":[6,0,0,16],"texture":"#5"},"south":{"uv":[16,0,0,16],"texture":"#5"},"west":{"uv":[6,0,0,16],"texture":"#5"},"up":{"uv":[16,0,0,6],"texture":"#5"},"down":{"uv":[16,0,0,16],"texture":"#5"}}}],"display":{"thirdperson_righthand":{"rotation":[75,45,0],"translation":[0,2.5,0],"scale":[0.375,0.375,0.375]},"thirdperson_lefthand":{"rotation":[75,45,0],"translation":[0,2.5,0],"scale":[0.375,0.375,0.375]},"firstperson_righthand":{"rotation":[0,45,0],"scale":[0.4,0.4,0.4]},"firstperson_lefthand":{"rotation":[0,45,0],"scale":[0.4,0.4,0.4]},"ground":{"translation":[0,2,0],"scale":[0.5,0.5,0.5]},"gui":{"rotation":[30,45,0],"translation":[0,-0.6,0],"scale":[0.5,0.5,0.5]},"head":{"translation":[0,-30.4,0],"scale":[1.6,1.6,1.6]},"fixed":{"rotation":[-90,180,0],"translation":[0,0,-14],"scale":[2.01,2.01,2.01]}}}