{
	"credit": "Made with Blockbench",
	"textures": {
		"0": "font/lamppost",
		"particle": "font/lamppost"
	},
	"elements": [
		{
			"from": [6, 25, 6],
			"to": [9, 30, 9],
			"faces": {
				"north": {"uv": [2.5, 7, 2.9375, 7.625], "texture": "#0"},
				"east": {"uv": [3.25, 7, 3.625, 7.625], "texture": "#0"},
				"south": {"uv": [3.625, 7, 4, 7.625], "texture": "#0"},
				"west": {"uv": [3.1875, 7, 3.6875, 7.625], "texture": "#0"},
				"up": {"uv": [3.25, 6.625, 3.625, 7], "texture": "#0"},
				"down": {"uv": [2.875, 6.6875, 3.3125, 7], "texture": "#0"}
			}
		},
		{
			"from": [7, -5, 7],
			"to": [8, 24, 8],
			"faces": {
				"north": {"uv": [0, 1.75, 0.1875, 5.625], "texture": "#0"},
				"east": {"uv": [0, 1.75, 0.1875, 5.625], "texture": "#0"},
				"south": {"uv": [0, 1.75, 0.1875, 5.625], "texture": "#0"},
				"west": {"uv": [0, 1.75, 0.1875, 5.625], "texture": "#0"},
				"up": {"uv": [1.8125, 5.75, 2.5625, 6.4375], "texture": "#0"},
				"down": {"uv": [1.75, 5.8125, 2.5625, 6.5625], "texture": "#0"}
			}
		},
		{
			"from": [5, 24, 5],
			"to": [10, 25, 10],
			"faces": {
				"north": {"uv": [0, 6.5, 1.1875, 6.625], "texture": "#0"},
				"east": {"uv": [0, 6.5, 1.1875, 6.625], "texture": "#0"},
				"south": {"uv": [0, 6.5, 1.1875, 6.625], "texture": "#0"},
				"west": {"uv": [0, 6.5, 1.1875, 6.625], "texture": "#0"},
				"up": {"uv": [0.875, 5.625, 1.75, 6.5625], "texture": "#0"},
				"down": {"uv": [0.875, 5.625, 1.75, 6.5625], "texture": "#0"}
			}
		},
		{
			"from": [4, 30, 4],
			"to": [11, 31, 11],
			"faces": {
				"north": {"uv": [2.75, 6.5, 3.5, 6.625], "texture": "#0"},
				"east": {"uv": [2.75, 6.5, 3.5, 6.625], "texture": "#0"},
				"south": {"uv": [2.75, 6.5, 3.5, 6.625], "texture": "#0"},
				"west": {"uv": [2.75, 6.5, 3.5, 6.625], "texture": "#0"},
				"up": {"uv": [0.6875, 6.625, 1.25, 7.375], "texture": "#0"},
				"down": {"uv": [0.6875, 6.625, 1.25, 7.375], "texture": "#0"}
			}
		},
		{
			"from": [5, 31, 5],
			"to": [10, 32, 10],
			"faces": {
				"north": {"uv": [0.875, 6.4375, 1.8125, 6.5625], "texture": "#0"},
				"east": {"uv": [0.875, 6.4375, 1.8125, 6.5625], "texture": "#0"},
				"south": {"uv": [0.875, 6.4375, 1.8125, 6.5625], "texture": "#0"},
				"west": {"uv": [0.875, 6.4375, 1.8125, 6.5625], "texture": "#0"},
				"up": {"uv": [0.6875, 6.625, 1.25, 7.375], "texture": "#0"},
				"down": {"uv": [0.6875, 6.625, 1.25, 7.375], "texture": "#0"}
			}
		},
		{
			"from": [9, 25, 9],
			"to": [10, 30, 10],
			"faces": {
				"north": {"uv": [1.0625, 6.5, 2.25, 6.625], "texture": "#0"},
				"east": {"uv": [1.0625, 6.5, 2.25, 6.625], "texture": "#0"},
				"south": {"uv": [1.0625, 6.5, 2.25, 6.625], "texture": "#0"},
				"west": {"uv": [1.0625, 6.5, 2.25, 6.625], "texture": "#0"},
				"up": {"uv": [1.8125, 5.75, 2.5625, 6.4375], "texture": "#0"},
				"down": {"uv": [1.8125, 5.75, 2.5625, 6.4375], "texture": "#0"}
			}
		},
		{
			"from": [9, 25, 5],
			"to": [10, 30, 6],
			"faces": {
				"north": {"uv": [1.0625, 6.5, 2.25, 6.625], "texture": "#0"},
				"east": {"uv": [1.0625, 6.5, 2.25, 6.625], "texture": "#0"},
				"south": {"uv": [1.0625, 6.5, 2.25, 6.625], "texture": "#0"},
				"west": {"uv": [2, 6.5, 3.1875, 6.625], "texture": "#0"},
				"up": {"uv": [1.8125, 5.75, 2.5625, 6.4375], "texture": "#0"},
				"down": {"uv": [1.8125, 5.75, 2.5625, 6.4375], "texture": "#0"}
			}
		},
		{
			"from": [5, 25, 5],
			"to": [6, 30, 6],
			"faces": {
				"north": {"uv": [1.0625, 6.5, 2.25, 6.625], "texture": "#0"},
				"east": {"uv": [1.5625, 6.5, 2.75, 6.625], "texture": "#0"},
				"south": {"uv": [1.0625, 6.5, 2.25, 6.625], "texture": "#0"},
				"west": {"uv": [1.0625, 6.5, 2.25, 6.625], "texture": "#0"},
				"up": {"uv": [1.8125, 5.75, 2.8125, 6.75], "texture": "#0"},
				"down": {"uv": [1.8125, 5.75, 2.8125, 6.75], "texture": "#0"}
			}
		},
		{
			"from": [5, 25, 9],
			"to": [6, 30, 10],
			"faces": {
				"north": {"uv": [1.0625, 6.5, 2.25, 6.625], "texture": "#0"},
				"east": {"uv": [1.0625, 6.5, 2.25, 6.625], "texture": "#0"},
				"south": {"uv": [1.0625, 6.5, 2.25, 6.625], "texture": "#0"},
				"west": {"uv": [1.0625, 6.5, 2.25, 6.625], "texture": "#0"},
				"up": {"uv": [1.8125, 5.75, 2.8125, 6.75], "texture": "#0"},
				"down": {"uv": [1.8125, 5.75, 2.8125, 6.75], "texture": "#0"}
			}
		},
		{
			"from": [6.6, -6, 6.5],
			"to": [8.5, -4, 8.5],
			"faces": {
				"north": {"uv": [0, 4.75, 0.25, 5.5], "texture": "#0"},
				"east": {"uv": [0, 4.75, 0.25, 5.5], "texture": "#0"},
				"south": {"uv": [0, 4.75, 0.25, 5.5], "texture": "#0"},
				"west": {"uv": [0, 4.75, 0.25, 5.5], "texture": "#0"},
				"up": {"uv": [0, 4.75, 0.25, 5.5], "texture": "#0"},
				"down": {"uv": [0, 4.75, 0.25, 5.5], "texture": "#0"}
			}
		},
		{
			"from": [5.6, -7, 5.5],
			"to": [9.5, -6, 9.5],
			"faces": {
				"north": {"uv": [0, 4.75, 0.25, 5.5], "texture": "#0"},
				"east": {"uv": [0, 4.75, 0.25, 5.5], "texture": "#0"},
				"south": {"uv": [0, 4.75, 0.25, 5.5], "texture": "#0"},
				"west": {"uv": [0, 4.75, 0.25, 5.5], "texture": "#0"},
				"up": {"uv": [0, 4.75, 0.25, 5.5], "texture": "#0"},
				"down": {"uv": [0, 4.75, 0.25, 5.5], "texture": "#0"}
			}
		}
	],
	"display": {
		"head": {
			"translation": [0, 43.5, 0],
			"scale": [2.99, 3.21, 3.04]
		}
	},
	"groups": [
		{
			"name": "cabeza",
			"origin": [0, 0, 0],
			"children": [0]
		},
		{
			"name": "cuerpo",
			"origin": [0, 0, 0],
			"children": [1, 2, 3, 4, 5, 6, 7, 8, 9, 10]
		}
	]
}