{
	"parent": "item/generated",
	"textures": {
		"layer0": "item/name_tag"
	},
	
	"overrides": [
		{"predicate": {"custom_model_data":1}, "model": "masks/mask-1"},
		{"predicate": {"custom_model_data":2}, "model": "masks/mask-2"},
		{"predicate": {"custom_model_data":3}, "model": "masks/mask-3"},
		{"predicate": {"custom_model_data":4}, "model": "masks/mask-4"},
		{"predicate": {"custom_model_data":5}, "model": "masks/mask-5"},
		{"predicate": {"custom_model_data":6}, "model": "masks/mask-6"},
		{"predicate": {"custom_model_data":7}, "model": "masks/mask-7"},
		{"predicate": {"custom_model_data":8}, "model": "hats/hat-1"},
		{"predicate": {"custom_model_data":9}, "model": "hats/hat-2"},
		{"predicate": {"custom_model_data":10}, "model": "hats/hat-3"},
		{"predicate": {"custom_model_data":11}, "model": "hats/hat-4"},
		{"predicate": {"custom_model_data":12}, "model": "hats/hat-5"},
		{"predicate": {"custom_model_data":13}, "model": "hats/hat-6"},
		{"predicate": {"custom_model_data":14}, "model": "gifts/gift-1"},
		{"predicate": {"custom_model_data":15}, "model": "gifts/gift-2"},
		{"predicate": {"custom_model_data":16}, "model": "gifts/gift-3"},
		{"predicate": {"custom_model_data":17}, "model": "gifts/gift-4"},
		{"predicate": {"custom_model_data":18}, "model": "gifts/gift-5"},
		{"predicate": {"custom_model_data":19}, "model": "gifts/gift-6"},
		{"predicate": {"custom_model_data":20}, "model": "bubbles/bubble-1"},
		{"predicate": {"custom_model_data":21}, "model": "bubbles/bubble-2"},
		{"predicate": {"custom_model_data":22}, "model": "bubbles/bubble-3"},
		{"predicate": {"custom_model_data":23}, "model": "bubbles/bubble-4"},
		{"predicate": {"custom_model_data":24}, "model": "bubbles/bubble-5"},
		{"predicate": {"custom_model_data":25}, "model": "bubbles/bubble-6"},
		{"predicate": {"custom_model_data":26}, "model": "bubbles/bubble-7"},
		{"predicate": {"custom_model_data":27}, "model": "bubbles/bubble-8"},
		{"predicate": {"custom_model_data":28}, "model": "common/anvil"},
		{"predicate": {"custom_model_data":29}, "model": "common/book"},
		{"predicate": {"custom_model_data":30}, "model": "common/candy"},
		{"predicate": {"custom_model_data":31}, "model": "common/chest"},
		{"predicate": {"custom_model_data":32}, "model": "common/cloud"},
		{"predicate": {"custom_model_data":33}, "model": "common/flame"},
		{"predicate": {"custom_model_data":34}, "model": "common/hammer"},
		{"predicate": {"custom_model_data":35}, "model": "common/medal"},
		{"predicate": {"custom_model_data":36}, "model": "common/sleeping"},
		{"predicate": {"custom_model_data":37}, "model": "common/small-star"},
		{"predicate": {"custom_model_data":38}, "model": "common/spell"},
		{"predicate": {"custom_model_data":39}, "model": "common/spider"},
		{"predicate": {"custom_model_data":40}, "model": "common/star"},
		{"predicate": {"custom_model_data":41}, "model": "common/sword"},
		{"predicate": {"custom_model_data":42}, "model": "common/thunder"},
		{"predicate": {"custom_model_data":43}, "model": "common/hat"},
		{"predicate": {"custom_model_data":44}, "model": "common/treasure"},
		{"predicate": {"custom_model_data":45}, "model": "common/trophy"},
		{"predicate": {"custom_model_data":46}, "model": "common/heart"},
		{"predicate": {"custom_model_data":47}, "model": "common/coin"},
		{"predicate": {"custom_model_data":48}, "model": "common/gem"},
		{"predicate": {"custom_model_data":49}, "model": "common/cup"},
		{"predicate": {"custom_model_data":50}, "model": "common/small-shield"},
		{"predicate": {"custom_model_data":51}, "model": "common/shield-1"},
		{"predicate": {"custom_model_data":52}, "model": "common/shield-2"},
		{"predicate": {"custom_model_data":53}, "model": "common/shield-3"},
		{"predicate": {"custom_model_data":54}, "model": "common/wing"},
		{"predicate": {"custom_model_data":55}, "model": "common/small-candy"},
		{"predicate": {"custom_model_data":56}, "model": "common/blue-gem"},
		{"predicate": {"custom_model_data":57}, "model": "common/anvil"},
		{"predicate": {"custom_model_data":58}, "model": "crystals/crystal-1"},
		{"predicate": {"custom_model_data":59}, "model": "crystals/crystal-2"},
		{"predicate": {"custom_model_data":60}, "model": "crystals/crystal-3"},
		{"predicate": {"custom_model_data":61}, "model": "crystals/crystal-4"},
		{"predicate": {"custom_model_data":62}, "model": "crystals/crystal-5"},
		{"predicate": {"custom_model_data":63}, "model": "crystals/crystal-6"},
		{"predicate": {"custom_model_data":64}, "model": "crystals/crystal-7"},
		{"predicate": {"custom_model_data":65}, "model": "crystals/crystal-8"},
		{"predicate": {"custom_model_data":66}, "model": "crystals/crystal-9"},
		{"predicate": {"custom_model_data":67}, "model": "crystals/crystal-10"},
		{"predicate": {"custom_model_data":68}, "model": "ruby/ruby-1"},
		{"predicate": {"custom_model_data":69}, "model": "ruby/ruby-2"},
		{"predicate": {"custom_model_data":70}, "model": "ruby/ruby-3"},
		{"predicate": {"custom_model_data":71}, "model": "ruby/ruby-4"},
		{"predicate": {"custom_model_data":72}, "model": "ruby/ruby-5"},
		{"predicate": {"custom_model_data":73}, "model": "ruby/ruby-6"},
		{"predicate": {"custom_model_data":74}, "model": "ruby/ruby-7"},
		{"predicate": {"custom_model_data":75}, "model": "ruby/ruby-8"},
		{"predicate": {"custom_model_data":76}, "model": "common/light"},
		{"predicate": {"custom_model_data":77}, "model": "masks/mask-1"},
		{"predicate": {"custom_model_data":78}, "model": "masks/mask-1"},
		{"predicate": {"custom_model_data":79}, "model": "masks/mask-1"},
		{"predicate": {"custom_model_data":80}, "model": "masks/mask-1"},
		{"predicate": {"custom_model_data":81}, "model": "masks/mask-1"},
		{"predicate": {"custom_model_data":82}, "model": "masks/mask-1"},
		{"predicate": {"custom_model_data":83}, "model": "masks/mask-1"},
		{"predicate": {"custom_model_data":84}, "model": "masks/mask-1"},
		{"predicate": {"custom_model_data":85}, "model": "masks/mask-1"},
		{"predicate": {"custom_model_data":86}, "model": "masks/mask-1"}

	]
}