{
	"parent": "minecraft:item/generated",
	"textures": {
		"layer0": "minecraft:item/leather_helmet",
		"layer1": "minecraft:item/leather_helmet_overlay"
	},
	"overrides": [
		{"predicate": {"custom_model_data": 1230000}, "model": "space:item/voyager_icon"},
		{"predicate": {"custom_model_data": 1230001}, "model": "space:item/rogue_icon"},
		{"predicate": {"custom_model_data": 1230002}, "model": "space:item/explorer_helmet"},
		{"predicate": {"custom_model_data": 1230003}, "model": "space:item/hazmat_helmet"},
		{"predicate": {"custom_model_data": 1230004}, "model": "space:item/solar_helmet"},
		{"predicate": {"custom_model_data": 1230005}, "model": "space:item/techno_crown"},
		{"predicate": {"custom_model_data": 1230006}, "model": "space:item/voyager_icon"},
		{"predicate": {"custom_model_data": 1230007}, "model": "space:item/voyager_icon"},
		{"predicate": {"custom_model_data": 1230008}, "model": "space:item/voyager_icon"},
		{"predicate": {"custom_model_data": 1230009}, "model": "space:item/voyager_icon"},
		{"predicate": {"custom_model_data": 1230011}, "model": "space:item/wooly_hat"},
		{"predicate": {"custom_model_data": 1230012}, "model": "space:item/iron_oxygen_mask"},
		{"predicate": {"custom_model_data": 1230013}, "model": "space:item/gold_oxygen_mask"},
		{"predicate": {"custom_model_data": 1230014}, "model": "space:item/diamond_oxygen_mask"},
		{"predicate": {"custom_model_data": 1230015}, "model": "space:item/netherite_oxygen_mask"},
		{"predicate": {"custom_model_data": 1230016}, "model": "space:item/steel_helmet"},
		{"predicate": {"custom_model_data": 1230017}, "model": "space:item/lead_helmet"},
		{"predicate": {"custom_model_data": 1230018}, "model": "space:item/titanium_helmet"},
		{"predicate": {"custom_model_data": 1230019}, "model": "space:item/aluminium_alloy_helmet"},
		{"predicate": {"custom_model_data": 1230020}, "model": "space:item/palladium_helmet"},
		{"predicate": {"custom_model_data": 1230021}, "model": "space:item/reinforced_aluminium_alloy_helmet"},
		{"predicate": {"custom_model_data": 1230022}, "model": "space:item/reinforced_palladium_helmet"},
		{"predicate": {"custom_model_data": 1230023}, "model": "space:item/steel_oxygen_mask"},
		{"predicate": {"custom_model_data": 1230024}, "model": "space:item/lead_oxygen_mask"},
		{"predicate": {"custom_model_data": 1230025}, "model": "space:item/titanium_oxygen_mask"},
		{"predicate": {"custom_model_data": 1230026}, "model": "space:item/aluminium_alloy_oxygen_mask"},
		{"predicate": {"custom_model_data": 1230027}, "model": "space:item/palladium_oxygen_mask"},
		{"predicate": {"custom_model_data": 1230028}, "model": "space:item/reinforced_aluminium_alloy_oxygen_mask"},
		{"predicate": {"custom_model_data": 1230029}, "model": "space:item/reinforced_palladium_oxygen_mask"}
	]
}