{
	"parent": "minecraft:item/generated",
	"textures": {
		"layer0": "minecraft:item/leather_chestplate",
		"layer1": "minecraft:item/leather_chestplate_overlay"
	},
	"overrides": [
		{"predicate": {"custom_model_data": 1230000}, "model": "space:item/voyager_1_chestplate"},
		{"predicate": {"custom_model_data": 1230001}, "model": "space:item/rogue_chestplate"},
		{"predicate": {"custom_model_data": 1230002}, "model": "space:item/explorer_chestplate"},
		{"predicate": {"custom_model_data": 1230003}, "model": "space:item/hazmat_chestplate"},
		{"predicate": {"custom_model_data": 1230004}, "model": "space:item/galactic_chestplate"},
		{"predicate": {"custom_model_data": 1230006}, "model": "space:item/voyager_1_chestplate"},
		{"predicate": {"custom_model_data": 1230007}, "model": "space:item/voyager_1_chestplate"},
		{"predicate": {"custom_model_data": 1230008}, "model": "space:item/voyager_1_chestplate"},
		{"predicate": {"custom_model_data": 1230009}, "model": "space:item/voyager_1_chestplate"},
		{"predicate": {"custom_model_data": 1230010}, "model": "space:item/raincoat"},
		{"predicate": {"custom_model_data": 1230011}, "model": "space:item/wooly_jacket"},
		{"predicate": {"custom_model_data": 1230016}, "model": "space:item/steel_chestplate"},
		{"predicate": {"custom_model_data": 1230017}, "model": "space:item/lead_chestplate"},
		{"predicate": {"custom_model_data": 1230018}, "model": "space:item/titanium_chestplate"},
		{"predicate": {"custom_model_data": 1230019}, "model": "space:item/aluminium_alloy_chestplate"},
		{"predicate": {"custom_model_data": 1230020}, "model": "space:item/palladium_chestplate"},
		{"predicate": {"custom_model_data": 1230021}, "model": "space:item/reinforced_aluminium_alloy_chestplate"},
		{"predicate": {"custom_model_data": 1230022}, "model": "space:item/reinforced_palladium_chestplate"}
	]
}