{"variants":{"west=true,up=true,south=true,north=true,east=true,down=true":{"model":"block/original/chorus_plant_true"},"down=false,east=false,north=false,south=false,up=false,west=true":{"model":"forestry:auto_generated/avocado_tree_leaves"},"down=false,east=false,north=false,south=false,up=true,west=false":{"model":"forestry:auto_generated/banana_tree_leaves"},"down=false,east=false,north=false,south=false,up=true,west=true":{"model":"forestry:auto_generated/cherry_tree_leaves"},"down=false,east=false,north=false,south=true,up=false,west=false":{"model":"forestry:auto_generated/decaying_tree_leaves"},"down=false,east=false,north=false,south=true,up=false,west=true":{"model":"forestry:auto_generated/dragonfruit_tree_leaves"},"down=false,east=false,north=false,south=true,up=true,west=false":{"model":"forestry:auto_generated/guava_tree_leaves"},"down=false,east=false,north=false,south=true,up=true,west=true":{"model":"forestry:auto_generated/lemon_tree_leaves"},"down=false,east=false,north=true,south=false,up=false,west=false":{"model":"forestry:auto_generated/lime_tree_leaves"},"down=false,east=false,north=true,south=false,up=false,west=true":{"model":"forestry:auto_generated/mango_tree_leaves"},"down=false,east=false,north=true,south=false,up=true,west=false":{"model":"forestry:auto_generated/maple_tree_leaves"},"down=false,east=false,north=true,south=false,up=true,west=true":{"model":"forestry:auto_generated/nut_tree_leaves"},"down=false,east=false,north=true,south=true,up=false,west=false":{"model":"forestry:auto_generated/olive_tree_leaves"},"down=false,east=false,north=true,south=true,up=false,west=true":{"model":"forestry:auto_generated/orange_tree_leaves"},"down=false,east=false,north=true,south=true,up=true,west=false":{"model":"forestry:auto_generated/palm_tree_leaves"},"down=false,east=false,north=true,south=true,up=true,west=true":{"model":"forestry:auto_generated/passionfruit_tree_leaves"},"down=false,east=true,north=false,south=false,up=false,west=false":{"model":"forestry:auto_generated/peach_tree_leaves"},"down=false,east=true,north=false,south=false,up=false,west=true":{"model":"forestry:auto_generated/plum_tree_leaves"},"down=false,east=true,north=false,south=false,up=true,west=false":{"model":"forestry:auto_generated/prune_tree_leaves"}}}