{
	"credit": "Made with Blockbench",
	"textures": {
		"0": "icons/arrow",
		"particle": "icons/arrow"
	},
	"elements": [
		{
			"from": [0, 0, 3],
			"to": [16, 15, 3],
			"faces": {
				"north": {"uv": [0, 0, 16, 15], "texture": "#0"},
				"east": {"uv": [0, 0, 0, 15], "texture": "#missing"},
				"south": {"uv": [0, 0, 16, 15], "rotation": 180, "texture": "#0"},
				"west": {"uv": [0, 0, 0, 15], "texture": "#missing"},
				"up": {"uv": [0, 0, 16, 0], "texture": "#missing"},
				"down": {"uv": [0, 0, 16, 0], "texture": "#missing"}
			}
		}
	],
	"display": {
		"gui": {
			"rotation": [4, 4, -180],
			"translation": [0.5, 0, -1.75]
		}
	}
}