{
	"credit": "Made with Blockbench",
	"textures": {
		"0": "icons/close",
		"particle": "icons/close"
	},
	"elements": [
		{
			"from": [3, 0, 3],
			"to": [13, 10, 3],
			"faces": {
				"north": {"uv": [0, 0, 16, 16], "texture": "#0"},
				"east": {"uv": [0, 0, 0, 9], "texture": "#missing"},
				"south": {"uv": [0, 0, 16, 16], "texture": "#0"},
				"west": {"uv": [0, 0, 0, 9], "texture": "#missing"},
				"up": {"uv": [0, 0, 10, 0], "texture": "#missing"},
				"down": {"uv": [0, 0, 10, 0], "texture": "#missing"}
			}
		}
	],
	"display": {
		"firstperson_righthand": {
			"translation": [5.75, -4.25, 0]
		},
		"firstperson_lefthand": {
			"translation": [4.25, -1.75, 0]
		},
		"ground": {
			"translation": [0, 5, 0],
			"scale": [1.06, 1, 1]
		},
		"gui": {
			"rotation": [-180, 0, 0],
			"translation": [0, -5.25, 8.20703],
			"scale": [1.68, 1.68, 0]
		},
		"head": {
			"translation": [0, 17.5, 5]
		}
	}
}