{"credit":"MadewithBlockbench","textures":{"1":"furnituresplus:furnituresplus/light_gray_wool","2":"furnituresplus:furnituresplus/acacia_planks","3":"furnituresplus:furnituresplus/acaciagrayfabric","particle":"furnituresplus:furnituresplus/light_gray_wool"},"elements":[{"from":[0,3,1],"to":[16,9,16],"rotation":{"angle":0,"axis":"y","origin":[16,0,0]},"faces":{"north":{"uv":[15,0,0,6],"texture":"#1"},"east":{"uv":[15,0,0,6],"texture":"#1"},"south":{"uv":[15,0,0,6],"texture":"#1"},"west":{"uv":[15,0,0,6],"texture":"#1"},"up":{"uv":[15,0,0,15],"texture":"#1"},"down":{"uv":[15,0,0,15],"texture":"#1"}}},{"from":[0,2,1],"to":[16,3,16],"rotation":{"angle":0,"axis":"y","origin":[16,0,0]},"faces":{"north":{"uv":[13,0,0,1],"texture":"#2"},"east":{"uv":[14,0,0,1],"texture":"#2"},"south":{"uv":[13,0,0,1],"texture":"#2"},"west":{"uv":[14,0,0,1],"texture":"#2"},"up":{"uv":[13,0,0,14],"texture":"#2"},"down":{"uv":[13,0,0,14],"texture":"#2"}}},{"from":[0,9,1],"to":[16,16,6],"rotation":{"angle":0,"axis":"y","origin":[16,0,0]},"faces":{"north":{"uv":[15,0,0,10],"texture":"#1"},"east":{"uv":[3,0,0,10],"texture":"#1"},"south":{"uv":[15,0,0,10],"texture":"#1"},"west":{"uv":[8,0,0,10],"texture":"#1"},"up":{"uv":[15,0,0,5],"texture":"#1"},"down":{"uv":[15,0,0,3],"texture":"#1"}}},{"from":[3.1,4.5,9],"to":[12.1,11.5,12],"rotation":{"angle":-22.5,"axis":"x","origin":[16,0,0]},"faces":{"north":{"uv":[15,0,0,10],"texture":"#3"},"east":{"uv":[3,0,0,10],"texture":"#3"},"south":{"uv":[15,0,0,10],"texture":"#3"},"west":{"uv":[8,0,0,10],"texture":"#3"},"up":{"uv":[15,0,0,5],"texture":"#3"},"down":{"uv":[15,0,0,3],"texture":"#3"}}},{"from":[0,10,0],"to":[16,13,1],"rotation":{"angle":0,"axis":"y","origin":[16,0,0]},"faces":{"north":{"uv":[14,3,0,7],"texture":"#2"},"east":{"uv":[1,0,0,3],"texture":"#2"},"south":{"uv":[14,0,0,3],"texture":"#2"},"west":{"uv":[1,0,0,3],"texture":"#2"},"up":{"uv":[14,0,0,1],"texture":"#2"},"down":{"uv":[14,0,0,1],"texture":"#2"}}},{"from":[0,2,0],"to":[16,5,1],"rotation":{"angle":0,"axis":"y","origin":[16,0,0]},"faces":{"north":{"uv":[14,1,0,4],"texture":"#2"},"east":{"uv":[1,0,0,1],"texture":"#2"},"south":{"uv":[14,0,0,1],"texture":"#2"},"west":{"uv":[1,0,0,1],"texture":"#2"},"up":{"uv":[14,0,0,1],"texture":"#2"},"down":{"uv":[14,0,0,1],"texture":"#2"}}},{"from":[1,0,1],"to":[2,2,3],"faces":{"north":{"uv":[0,0,1,2],"texture":"#2"},"east":{"uv":[0,0,2,2],"texture":"#2"},"south":{"uv":[0,0,1,2],"texture":"#2"},"west":{"uv":[0,0,2,2],"texture":"#2"},"up":{"uv":[0,0,1,2],"texture":"#2"},"down":{"uv":[0,0,1,2],"texture":"#2"}}},{"from":[14,0,1],"to":[15,2,3],"faces":{"north":{"uv":[0,0,1,2],"texture":"#2"},"east":{"uv":[0,0,2,2],"texture":"#2"},"south":{"uv":[0,0,1,2],"texture":"#2"},"west":{"uv":[0,0,2,2],"texture":"#2"},"up":{"uv":[0,0,1,2],"texture":"#2"},"down":{"uv":[0,0,1,2],"texture":"#2"}}},{"from":[14,0,12],"to":[15,2,14],"faces":{"north":{"uv":[0,0,1,2],"texture":"#2"},"east":{"uv":[0,0,2,2],"texture":"#2"},"south":{"uv":[0,0,1,2],"texture":"#2"},"west":{"uv":[0,0,2,2],"texture":"#2"},"up":{"uv":[0,0,1,2],"texture":"#2"},"down":{"uv":[0,0,1,2],"texture":"#2"}}},{"from":[1,0,12],"to":[2,2,14],"faces":{"north":{"uv":[0,0,1,2],"texture":"#2"},"east":{"uv":[0,0,2,2],"texture":"#2"},"south":{"uv":[0,0,1,2],"texture":"#2"},"west":{"uv":[0,0,2,2],"texture":"#2"},"up":{"uv":[0,0,1,2],"texture":"#2"},"down":{"uv":[0,0,1,2],"texture":"#2"}}}],"display":{"thirdperson_righthand":{"rotation":[75,45,0],"translation":[0,2.5,0],"scale":[0.375,0.375,0.375]},"thirdperson_lefthand":{"rotation":[75,45,0],"translation":[0,2.5,0],"scale":[0.375,0.375,0.375]},"firstperson_righthand":{"rotation":[0,45,0],"scale":[0.4,0.4,0.4]},"firstperson_lefthand":{"rotation":[0,45,0],"scale":[0.4,0.4,0.4]},"ground":{"translation":[0,2,0],"scale":[0.5,0.5,0.5]},"gui":{"rotation":[30,45,0],"translation":[0,-0.6,0],"scale":[0.5,0.5,0.5]},"head":{"translation":[0,-30.4,0],"scale":[1.6,1.6,1.6]},"fixed":{"rotation":[-90,180,0],"translation":[0,0,-14],"scale":[2.01,2.01,2.01]}}}