{"parent":"minecraft:item/handheld","textures":{"layer0":"minecraft:item/iron_shovel"},"overrides":[{"predicate":{"custom_model_data":10000},"model":"terraria:auto_generated/copper_shovel"},{"predicate":{"custom_model_data":10001},"model":"terraria:auto_generated/tin_shovel"},{"predicate":{"custom_model_data":10002},"model":"terraria:auto_generated/lead_shovel"},{"predicate":{"custom_model_data":10003},"model":"terraria:auto_generated/silver_shovel"},{"predicate":{"custom_model_data":10004},"model":"terraria:auto_generated/tungsten_shovel"},{"predicate":{"custom_model_data":10005},"model":"terraria:auto_generated/platinum_shovel"},{"predicate":{"custom_model_data":10006},"model":"terraria:auto_generated/demonite_shovel"},{"predicate":{"custom_model_data":10007},"model":"terraria:auto_generated/meteorite_shovel"},{"predicate":{"custom_model_data":10008},"model":"terraria:auto_generated/hellstone_shovel"},{"predicate":{"custom_model_data":10009},"model":"terraria:auto_generated/cobalt_shovel"},{"predicate":{"custom_model_data":10010},"model":"terraria:auto_generated/palladium_shovel"},{"predicate":{"custom_model_data":10011},"model":"terraria:auto_generated/orichalcum_shovel"},{"predicate":{"custom_model_data":10012},"model":"terraria:auto_generated/mythril_shovel"},{"predicate":{"custom_model_data":10013},"model":"terraria:auto_generated/adamantite_shovel"},{"predicate":{"custom_model_data":10014},"model":"terraria:auto_generated/titanium_shovel"},{"predicate":{"custom_model_data":10015},"model":"terraria:auto_generated/chlorophyte_shovel"},{"predicate":{"custom_model_data":10016},"model":"terraria:auto_generated/luminite_shovel"},{"predicate":{"custom_model_data":10017},"model":"minecraft:item/iron_shovel"}]}