{"parent":"minecraft:item/generated","textures":{"layer0":"minecraft:item/iron_ingot"},"overrides":[{"predicate":{"custom_model_data":10000},"model":"terraria:auto_generated/tin_bar"},{"predicate":{"custom_model_data":10001},"model":"terraria:auto_generated/lead_bar"},{"predicate":{"custom_model_data":10002},"model":"terraria:auto_generated/silver_bar"},{"predicate":{"custom_model_data":10003},"model":"terraria:auto_generated/tungsten_bar"},{"predicate":{"custom_model_data":10004},"model":"terraria:auto_generated/platinum_bar"},{"predicate":{"custom_model_data":10005},"model":"terraria:auto_generated/demonite_bar"},{"predicate":{"custom_model_data":10006},"model":"terraria:auto_generated/meteorite_bar"},{"predicate":{"custom_model_data":10007},"model":"terraria:auto_generated/hellstone_bar"},{"predicate":{"custom_model_data":10008},"model":"terraria:auto_generated/cobalt_bar"},{"predicate":{"custom_model_data":10009},"model":"terraria:auto_generated/palladium_bar"},{"predicate":{"custom_model_data":10010},"model":"terraria:auto_generated/orichalcum_bar"},{"predicate":{"custom_model_data":10011},"model":"terraria:auto_generated/mythril_bar"},{"predicate":{"custom_model_data":10012},"model":"terraria:auto_generated/adamantite_bar"},{"predicate":{"custom_model_data":10013},"model":"terraria:auto_generated/titanium_bar"},{"predicate":{"custom_model_data":10014},"model":"terraria:auto_generated/chlorophyte_bar"},{"predicate":{"custom_model_data":10015},"model":"terraria:auto_generated/luminite_bar"},{"predicate":{"custom_model_data":10016},"model":"minecraft:item/iron_ingot"}]}