{"parent":"item/generated","textures":{"layer0":"item/leather_leggings","layer1":"item/leather_leggings_overlay"},"overrides":[{"predicate":{"custom_model_data":10000},"model":"bettermobs:auto_generated/amethyst_netherite_leggings"},{"predicate":{"custom_model_data":10001},"model":"bettermobs:auto_generated/amethyst_diamond_leggings"},{"predicate":{"custom_model_data":10002},"model":"bettermobs:auto_generated/amethyst_iron_leggings"},{"predicate":{"custom_model_data":10003},"model":"terraria:auto_generated/copper_legs"},{"predicate":{"custom_model_data":10004},"model":"terraria:auto_generated/tin_legs"},{"predicate":{"custom_model_data":10005},"model":"terraria:auto_generated/lead_legs"},{"predicate":{"custom_model_data":10006},"model":"terraria:auto_generated/silver_legs"},{"predicate":{"custom_model_data":10007},"model":"terraria:auto_generated/tungsten_legs"},{"predicate":{"custom_model_data":10008},"model":"terraria:auto_generated/platinum_legs"},{"predicate":{"custom_model_data":10009},"model":"terraria:auto_generated/demonite_legs"},{"predicate":{"custom_model_data":10010},"model":"terraria:auto_generated/hellstone_legs"},{"predicate":{"custom_model_data":10011},"model":"terraria:auto_generated/meteorite_legs"},{"predicate":{"custom_model_data":10012},"model":"terraria:auto_generated/cobalt_legs"},{"predicate":{"custom_model_data":10013},"model":"terraria:auto_generated/palladium_legs"},{"predicate":{"custom_model_data":10014},"model":"terraria:auto_generated/mythril_legs"},{"predicate":{"custom_model_data":10015},"model":"terraria:auto_generated/orichalcum_legs"},{"predicate":{"custom_model_data":10016},"model":"terraria:auto_generated/adamantite_legs"},{"predicate":{"custom_model_data":10017},"model":"terraria:auto_generated/titanium_legs"},{"predicate":{"custom_model_data":10018},"model":"minecraft:item/leather_leggings"}]}