{"parent":"item/generated","textures":{"layer0":"item/leather_chestplate","layer1":"item/leather_chestplate_overlay"},"overrides":[{"predicate":{"custom_model_data":10000},"model":"bettermobs:auto_generated/amethyst_netherite_chestplate"},{"predicate":{"custom_model_data":10001},"model":"bettermobs:auto_generated/amethyst_diamond_chestplate"},{"predicate":{"custom_model_data":10002},"model":"bettermobs:auto_generated/amethyst_iron_chestplate"},{"predicate":{"custom_model_data":10003},"model":"terraria:auto_generated/copper_chest"},{"predicate":{"custom_model_data":10004},"model":"terraria:auto_generated/tin_chest"},{"predicate":{"custom_model_data":10005},"model":"terraria:auto_generated/lead_chest"},{"predicate":{"custom_model_data":10006},"model":"terraria:auto_generated/silver_chest"},{"predicate":{"custom_model_data":10007},"model":"terraria:auto_generated/tungsten_chest"},{"predicate":{"custom_model_data":10008},"model":"terraria:auto_generated/platinum_chest"},{"predicate":{"custom_model_data":10009},"model":"terraria:auto_generated/demonite_chest"},{"predicate":{"custom_model_data":10010},"model":"terraria:auto_generated/hellstone_chest"},{"predicate":{"custom_model_data":10011},"model":"terraria:auto_generated/meteorite_chest"},{"predicate":{"custom_model_data":10012},"model":"terraria:auto_generated/cobalt_chest"},{"predicate":{"custom_model_data":10013},"model":"terraria:auto_generated/palladium_chest"},{"predicate":{"custom_model_data":10014},"model":"terraria:auto_generated/mythril_chest"},{"predicate":{"custom_model_data":10015},"model":"terraria:auto_generated/orichalcum_chest"},{"predicate":{"custom_model_data":10016},"model":"terraria:auto_generated/adamantite_chest"},{"predicate":{"custom_model_data":10017},"model":"terraria:auto_generated/titanium_chest"},{"predicate":{"custom_model_data":10018},"model":"minecraft:item/leather_chestplate"}]}