{"parent":"minecraft:block/oak_log","overrides":[{"predicate":{"custom_model_data":10000},"model":"forestry:auto_generated/avocado_tree_log"},{"predicate":{"custom_model_data":10001},"model":"forestry:auto_generated/avocado_stripped_log"},{"predicate":{"custom_model_data":10002},"model":"forestry:auto_generated/banana_tree_log"},{"predicate":{"custom_model_data":10003},"model":"forestry:auto_generated/cherry_tree_log"},{"predicate":{"custom_model_data":10004},"model":"forestry:auto_generated/decaying_tree_log"},{"predicate":{"custom_model_data":10005},"model":"forestry:auto_generated/dragonfruit_tree_log"},{"predicate":{"custom_model_data":10006},"model":"forestry:auto_generated/guava_tree_log"},{"predicate":{"custom_model_data":10007},"model":"forestry:auto_generated/lemon_tree_log"},{"predicate":{"custom_model_data":10008},"model":"forestry:auto_generated/lime_tree_log"},{"predicate":{"custom_model_data":10009},"model":"forestry:auto_generated/mango_tree_log"},{"predicate":{"custom_model_data":10010},"model":"forestry:auto_generated/maple_tree_log"},{"predicate":{"custom_model_data":10011},"model":"forestry:auto_generated/nut_tree_log"},{"predicate":{"custom_model_data":10012},"model":"forestry:auto_generated/olive_tree_log"},{"predicate":{"custom_model_data":10013},"model":"forestry:auto_generated/orange_tree_log"},{"predicate":{"custom_model_data":10014},"model":"forestry:auto_generated/palm_tree_log"},{"predicate":{"custom_model_data":10015},"model":"forestry:auto_generated/passionfruit_tree_log"},{"predicate":{"custom_model_data":10016},"model":"forestry:auto_generated/peach_tree_log"},{"predicate":{"custom_model_data":10017},"model":"forestry:auto_generated/plum_tree_log"},{"predicate":{"custom_model_data":10018},"model":"forestry:auto_generated/prune_tree_log"},{"predicate":{"custom_model_data":10019},"model":"forestry:auto_generated/banana_stripped_log"},{"predicate":{"custom_model_data":10020},"model":"forestry:auto_generated/cherry_stripped_log"},{"predicate":{"custom_model_data":10021},"model":"forestry:auto_generated/decaying_stripped_log"},{"predicate":{"custom_model_data":10022},"model":"forestry:auto_generated/dragonfruit_stripped_log"},{"predicate":{"custom_model_data":10023},"model":"forestry:auto_generated/guava_stripped_log"},{"predicate":{"custom_model_data":10024},"model":"forestry:auto_generated/lemon_stripped_log"},{"predicate":{"custom_model_data":10025},"model":"forestry:auto_generated/lime_stripped_log"},{"predicate":{"custom_model_data":10026},"model":"forestry:auto_generated/mango_stripped_log"},{"predicate":{"custom_model_data":10027},"model":"forestry:auto_generated/maple_stripped_log"},{"predicate":{"custom_model_data":10028},"model":"forestry:auto_generated/nut_stripped_log"},{"predicate":{"custom_model_data":10029},"model":"forestry:auto_generated/olive_stripped_log"},{"predicate":{"custom_model_data":10030},"model":"forestry:auto_generated/orange_stripped_log"},{"predicate":{"custom_model_data":10031},"model":"forestry:auto_generated/palm_stripped_log"},{"predicate":{"custom_model_data":10032},"model":"forestry:auto_generated/passionfruit_stripped_log"},{"predicate":{"custom_model_data":10033},"model":"forestry:auto_generated/peach_stripped_log"},{"predicate":{"custom_model_data":10034},"model":"forestry:auto_generated/plum_stripped_log"},{"predicate":{"custom_model_data":10035},"model":"forestry:auto_generated/prune_stripped_log"},{"predicate":{"custom_model_data":10036},"model":"minecraft:item/oak_log"}]}