{"parent":"minecraft:block/oak_planks","overrides":[{"predicate":{"custom_model_data":10000},"model":"forestry:auto_generated/avocado_planks"},{"predicate":{"custom_model_data":10001},"model":"forestry:auto_generated/banana_planks"},{"predicate":{"custom_model_data":10002},"model":"forestry:auto_generated/cherry_planks"},{"predicate":{"custom_model_data":10003},"model":"forestry:auto_generated/decaying_planks"},{"predicate":{"custom_model_data":10004},"model":"forestry:auto_generated/dragonfruit_planks"},{"predicate":{"custom_model_data":10005},"model":"forestry:auto_generated/guava_planks"},{"predicate":{"custom_model_data":10006},"model":"forestry:auto_generated/lemon_planks"},{"predicate":{"custom_model_data":10007},"model":"forestry:auto_generated/lime_planks"},{"predicate":{"custom_model_data":10008},"model":"forestry:auto_generated/mango_planks"},{"predicate":{"custom_model_data":10009},"model":"forestry:auto_generated/maple_planks"},{"predicate":{"custom_model_data":10010},"model":"forestry:auto_generated/nut_planks"},{"predicate":{"custom_model_data":10011},"model":"forestry:auto_generated/olive_planks"},{"predicate":{"custom_model_data":10012},"model":"forestry:auto_generated/orange_planks"},{"predicate":{"custom_model_data":10013},"model":"forestry:auto_generated/palm_planks"},{"predicate":{"custom_model_data":10014},"model":"forestry:auto_generated/passionfruit_planks"},{"predicate":{"custom_model_data":10015},"model":"forestry:auto_generated/peach_planks"},{"predicate":{"custom_model_data":10016},"model":"forestry:auto_generated/plum_planks"},{"predicate":{"custom_model_data":10017},"model":"forestry:auto_generated/prune_planks"},{"predicate":{"custom_model_data":10018},"model":"minecraft:item/oak_planks"}]}