{"parent":"minecraft:block/oak_leaves","overrides":[{"predicate":{"custom_model_data":10000},"model":"forestry:auto_generated/avocado_tree_leaves"},{"predicate":{"custom_model_data":10001},"model":"forestry:auto_generated/banana_tree_leaves"},{"predicate":{"custom_model_data":10002},"model":"forestry:auto_generated/cherry_tree_leaves"},{"predicate":{"custom_model_data":10003},"model":"forestry:auto_generated/decaying_tree_leaves"},{"predicate":{"custom_model_data":10004},"model":"forestry:auto_generated/dragonfruit_tree_leaves"},{"predicate":{"custom_model_data":10005},"model":"forestry:auto_generated/guava_tree_leaves"},{"predicate":{"custom_model_data":10006},"model":"forestry:auto_generated/lemon_tree_leaves"},{"predicate":{"custom_model_data":10007},"model":"forestry:auto_generated/lime_tree_leaves"},{"predicate":{"custom_model_data":10008},"model":"forestry:auto_generated/mango_tree_leaves"},{"predicate":{"custom_model_data":10009},"model":"forestry:auto_generated/maple_tree_leaves"},{"predicate":{"custom_model_data":10010},"model":"forestry:auto_generated/nut_tree_leaves"},{"predicate":{"custom_model_data":10011},"model":"forestry:auto_generated/olive_tree_leaves"},{"predicate":{"custom_model_data":10012},"model":"forestry:auto_generated/orange_tree_leaves"},{"predicate":{"custom_model_data":10013},"model":"forestry:auto_generated/palm_tree_leaves"},{"predicate":{"custom_model_data":10014},"model":"forestry:auto_generated/passionfruit_tree_leaves"},{"predicate":{"custom_model_data":10015},"model":"forestry:auto_generated/peach_tree_leaves"},{"predicate":{"custom_model_data":10016},"model":"forestry:auto_generated/plum_tree_leaves"},{"predicate":{"custom_model_data":10017},"model":"forestry:auto_generated/prune_tree_leaves"},{"predicate":{"custom_model_data":10018},"model":"minecraft:item/oak_leaves"}]}