{"parent":"minecraft:item/generated","textures":{"layer0":"minecraft:item/paper"},"overrides":[{"predicate":{"custom_model_data":10000},"model":"z_iainternal:auto_generated/icon_left_blue"},{"predicate":{"custom_model_data":10001},"model":"z_iainternal:auto_generated/icon_right_blue"},{"predicate":{"custom_model_data":10002},"model":"z_iainternal:auto_generated/icon_search"},{"predicate":{"custom_model_data":10003},"model":"z_iainternal:auto_generated/icon_cancel"},{"predicate":{"custom_model_data":10004},"model":"z_iainternal:auto_generated/icon_arrow_chest"},{"predicate":{"custom_model_data":10005},"model":"z_iainternal:auto_generated/icon_back_orange"},{"predicate":{"custom_model_data":10006},"model":"z_iainternal:auto_generated/icon_next_orange"},{"predicate":{"custom_model_data":10007},"model":"block:auto_generated/yk"},{"predicate":{"custom_model_data":10010},"model":"wq:auto_generated/myitem1"},{"predicate":{"custom_model_data":10011},"model":"furnituresplus:redvibecollection/red_wooden_sofa_left"},{"predicate":{"custom_model_data":10012},"model":"furnituresplus:redvibecollection/red_wooden_sofa_middle"},{"predicate":{"custom_model_data":10013},"model":"furnituresplus:redvibecollection/red_wooden_sofa_right"},{"predicate":{"custom_model_data":10014},"model":"furnituresplus:redvibecollection/red_wooden_sofa_corner"},{"predicate":{"custom_model_data":10015},"model":"furnituresplus:redvibecollection/red_wooden_sofa_single"},{"predicate":{"custom_model_data":10016},"model":"furnituresplus:redvibecollection/red_wooden_lowtable"},{"predicate":{"custom_model_data":10017},"model":"furnituresplus:redvibecollection/red_wooden_buffettable"},{"predicate":{"custom_model_data":10018},"model":"furnituresplus:redvibecollection/red_bedside_table"},{"predicate":{"custom_model_data":10019},"model":"furnituresplus:redvibecollection/red_oakpaint"},{"predicate":{"custom_model_data":10020},"model":"furnituresplus:redvibecollection/red_wooden_chair"},{"predicate":{"custom_model_data":10021},"model":"furnituresplus:redvibecollection/red_wooden_diningtable"},{"predicate":{"custom_model_data":10022},"model":"furnituresplus:redvibecollection/red_storage_furniture"},{"predicate":{"custom_model_data":10023},"model":"furnituresplus:blankacollection/white_wooden_sofa_left"},{"predicate":{"custom_model_data":10024},"model":"furnituresplus:blankacollection/white_wooden_sofa_middle"},{"predicate":{"custom_model_data":10025},"model":"furnituresplus:blankacollection/white_wooden_sofa_right"},{"predicate":{"custom_model_data":10026},"model":"furnituresplus:blankacollection/white_wooden_sofa_corner"},{"predicate":{"custom_model_data":10027},"model":"furnituresplus:blankacollection/white_wooden_sofa_single"},{"predicate":{"custom_model_data":10028},"model":"furnituresplus:blankacollection/white_wooden_lowtable"},{"predicate":{"custom_model_data":10029},"model":"furnituresplus:blankacollection/white_wooden_buffettable"},{"predicate":{"custom_model_data":10030},"model":"furnituresplus:blankacollection/white_bedside_table"},{"predicate":{"custom_model_data":10031},"model":"furnituresplus:blankacollection/white_sprucepaint"},{"predicate":{"custom_model_data":10032},"model":"furnituresplus:blankacollection/white_wooden_chair"},{"predicate":{"custom_model_data":10033},"model":"furnituresplus:blankacollection/white_wooden_diningtable"},{"predicate":{"custom_model_data":10034},"model":"furnituresplus:blankacollection/white_storage_furniture"},{"predicate":{"custom_model_data":10035},"model":"furnituresplus:summercollection/cyan_wooden_sofa_left"},{"predicate":{"custom_model_data":10036},"model":"furnituresplus:summercollection/cyan_wooden_sofa_middle"},{"predicate":{"custom_model_data":10037},"model":"furnituresplus:summercollection/cyan_wooden_sofa_right"},{"predicate":{"custom_model_data":10038},"model":"furnituresplus:summercollection/cyan_wooden_sofa_corner"},{"predicate":{"custom_model_data":10039},"model":"furnituresplus:summercollection/cyan_wooden_sofa_single"},{"predicate":{"custom_model_data":10040},"model":"furnituresplus:summercollection/cyan_lowtable"},{"predicate":{"custom_model_data":10041},"model":"furnituresplus:summercollection/cyan_buffet_table"},{"predicate":{"custom_model_data":10042},"model":"furnituresplus:summercollection/cyan_bedside_table"},{"predicate":{"custom_model_data":10043},"model":"furnituresplus:summercollection/cyan_summerpaint"},{"predicate":{"custom_model_data":10044},"model":"furnituresplus:summercollection/cyan_wooden_chair"},{"predicate":{"custom_model_data":10045},"model":"furnituresplus:summercollection/cyan_wooden_diningtable"},{"predicate":{"custom_model_data":10046},"model":"furnituresplus:summercollection/cyan_storage_furniture"},{"predicate":{"custom_model_data":10047},"model":"furnituresplus:acaciagraycollection/gray_wooden_sofa_left"},{"predicate":{"custom_model_data":10048},"model":"furnituresplus:acaciagraycollection/gray_wooden_sofa_middle"},{"predicate":{"custom_model_data":10049},"model":"furnituresplus:acaciagraycollection/gray_wooden_sofa_right"},{"predicate":{"custom_model_data":10050},"model":"furnituresplus:acaciagraycollection/gray_wooden_sofa_corner"},{"predicate":{"custom_model_data":10051},"model":"furnituresplus:acaciagraycollection/gray_wooden_sofa_single"},{"predicate":{"custom_model_data":10052},"model":"furnituresplus:acaciagraycollection/gray_wooden_lowtable"},{"predicate":{"custom_model_data":10053},"model":"furnituresplus:acaciagraycollection/gray_wooden_buffettable"},{"predicate":{"custom_model_data":10054},"model":"furnituresplus:acaciagraycollection/gray_bedside_table"},{"predicate":{"custom_model_data":10055},"model":"furnituresplus:acaciagraycollection/gray_acaciapaint"},{"predicate":{"custom_model_data":10056},"model":"furnituresplus:acaciagraycollection/gray_wooden_chair"},{"predicate":{"custom_model_data":10057},"model":"furnituresplus:acaciagraycollection/gray_wooden_diningtable"},{"predicate":{"custom_model_data":10058},"model":"furnituresplus:acaciagraycollection/gray_storage_furniture"},{"predicate":{"custom_model_data":10059},"model":"furnituresplus:steelcollection/iron_sofa_left"},{"predicate":{"custom_model_data":10060},"model":"furnituresplus:steelcollection/iron_sofa_middle"},{"predicate":{"custom_model_data":10061},"model":"furnituresplus:steelcollection/iron_sofa_right"},{"predicate":{"custom_model_data":10062},"model":"furnituresplus:steelcollection/iron_sofa_corner"},{"predicate":{"custom_model_data":10063},"model":"furnituresplus:steelcollection/iron_sofa_single"},{"predicate":{"custom_model_data":10064},"model":"furnituresplus:steelcollection/iron_lowtable"},{"predicate":{"custom_model_data":10065},"model":"furnituresplus:steelcollection/iron_buffettable"},{"predicate":{"custom_model_data":10066},"model":"furnituresplus:steelcollection/iron_bedside_table"},{"predicate":{"custom_model_data":10067},"model":"furnituresplus:steelcollection/iron_paint"},{"predicate":{"custom_model_data":10068},"model":"furnituresplus:steelcollection/iron_chair"},{"predicate":{"custom_model_data":10069},"model":"furnituresplus:steelcollection/iron_diningtable"},{"predicate":{"custom_model_data":10070},"model":"furnituresplus:steelcollection/iron_storage_furniture"},{"predicate":{"custom_model_data":10071},"model":"furnituresplus:amethystcollection/amethyst_sofa_left"},{"predicate":{"custom_model_data":10072},"model":"furnituresplus:amethystcollection/amethyst_sofa_right"},{"predicate":{"custom_model_data":10073},"model":"furnituresplus:amethystcollection/amethyst_sofa_middle"},{"predicate":{"custom_model_data":10074},"model":"furnituresplus:amethystcollection/amethyst_sofa_corner"},{"predicate":{"custom_model_data":10075},"model":"furnituresplus:amethystcollection/amethyst_sofa_single"},{"predicate":{"custom_model_data":10076},"model":"furnituresplus:amethystcollection/amethyst_lowtable"},{"predicate":{"custom_model_data":10077},"model":"furnituresplus:amethystcollection/amethys_buffet_table"},{"predicate":{"custom_model_data":10078},"model":"furnituresplus:amethystcollection/amethyst_bedside_table"},{"predicate":{"custom_model_data":10079},"model":"furnituresplus:amethystcollection/amethyst_paint"},{"predicate":{"custom_model_data":10080},"model":"furnituresplus:amethystcollection/amethyst_chair"},{"predicate":{"custom_model_data":10081},"model":"furnituresplus:amethystcollection/amethyst_diningtable"},{"predicate":{"custom_model_data":10082},"model":"furnituresplus:amethystcollection/amethyst_storage_furniture"},{"predicate":{"custom_model_data":10083},"model":"furnituresplus:others/radio"},{"predicate":{"custom_model_data":10084},"model":"furnituresplus:others/bluepaint"},{"predicate":{"custom_model_data":10085},"model":"furnituresplus:others/greenpaint"},{"predicate":{"custom_model_data":10086},"model":"furnituresplus:others/greenpaintb"},{"predicate":{"custom_model_data":10087},"model":"furnituresplus:machine/fabric_machine_plus"},{"predicate":{"custom_model_data":10088},"model":"terraria:auto_generated/tin_ore"},{"predicate":{"custom_model_data":10089},"model":"terraria:auto_generated/lead_ore"},{"predicate":{"custom_model_data":10090},"model":"terraria:auto_generated/silver_ore"},{"predicate":{"custom_model_data":10091},"model":"terraria:auto_generated/tungsten_ore"},{"predicate":{"custom_model_data":10092},"model":"terraria:auto_generated/platinum_ore"},{"predicate":{"custom_model_data":10093},"model":"terraria:auto_generated/demonite_ore"},{"predicate":{"custom_model_data":10094},"model":"terraria:auto_generated/meteorite_ore"},{"predicate":{"custom_model_data":10095},"model":"terraria:auto_generated/hellstone_ore"},{"predicate":{"custom_model_data":10096},"model":"terraria:auto_generated/cobalt_ore"},{"predicate":{"custom_model_data":10097},"model":"terraria:auto_generated/palladium_ore"},{"predicate":{"custom_model_data":10098},"model":"terraria:auto_generated/orichalcum_ore"},{"predicate":{"custom_model_data":10099},"model":"terraria:auto_generated/mythril_ore"},{"predicate":{"custom_model_data":10100},"model":"terraria:auto_generated/adamantite_ore"},{"predicate":{"custom_model_data":10101},"model":"terraria:auto_generated/titanium_ore"},{"predicate":{"custom_model_data":10102},"model":"terraria:auto_generated/chlorophyte_ore"},{"predicate":{"custom_model_data":10103},"model":"terraria:auto_generated/luminite_ore"},{"predicate":{"custom_model_data":10104},"model":"terraria:auto_generated/cobalt_ore_deepslate"},{"predicate":{"custom_model_data":10105},"model":"terraria:auto_generated/palladium_ore_deepslate"},{"predicate":{"custom_model_data":10106},"model":"terraria:auto_generated/orichalcum_ore_deepslate"},{"predicate":{"custom_model_data":10107},"model":"terraria:auto_generated/mythril_ore_deepslate"},{"predicate":{"custom_model_data":10108},"model":"terraria:auto_generated/adamantite_ore_deepslate"},{"predicate":{"custom_model_data":10109},"model":"terraria:auto_generated/titanium_ore_deepslate"},{"predicate":{"custom_model_data":10110},"model":"terraria:auto_generated/chlorophyte_ore_deepslate"},{"predicate":{"custom_model_data":10111},"model":"gardenplus:plantes/dreapleafplante"},{"predicate":{"custom_model_data":10112},"model":"gardenplus:plantes/dreapleafplante_darkoak"},{"predicate":{"custom_model_data":10113},"model":"gardenplus:plantes/dreapleafplante_birch"},{"predicate":{"custom_model_data":10114},"model":"gardenplus:plantes/dreapleafplante_crimson"},{"predicate":{"custom_model_data":10115},"model":"gardenplus:plantes/dreapleafplante_spurce"},{"predicate":{"custom_model_data":10116},"model":"gardenplus:plantes/dreapleafplante_warped"},{"predicate":{"custom_model_data":10117},"model":"gardenplus:plantes/dreapleafplante_cobble"},{"predicate":{"custom_model_data":10118},"model":"gardenplus:plantes/dreapleafplante_jungle"},{"predicate":{"custom_model_data":10119},"model":"gardenplus:plantes/dreapleafplante_brick"},{"predicate":{"custom_model_data":10120},"model":"gardenplus:plantes/bamboo_oak"},{"predicate":{"custom_model_data":10121},"model":"gardenplus:plantes/bamboo_dark_oak"},{"predicate":{"custom_model_data":10122},"model":"gardenplus:plantes/bamboo_birch"},{"predicate":{"custom_model_data":10123},"model":"gardenplus:plantes/bamboo_brick"},{"predicate":{"custom_model_data":10124},"model":"gardenplus:plantes/bamboo_cobble"},{"predicate":{"custom_model_data":10125},"model":"gardenplus:plantes/plantesuspendu"},{"predicate":{"custom_model_data":10126},"model":"gardenplus:plantes/plantesuspendu_birch"},{"predicate":{"custom_model_data":10127},"model":"gardenplus:plantes/plantesuspendu_darkoak"},{"predicate":{"custom_model_data":10128},"model":"gardenplus:plantes/plantesuspendu_crimson"},{"predicate":{"custom_model_data":10129},"model":"gardenplus:plantes/plantesuspendu_jungle"},{"predicate":{"custom_model_data":10130},"model":"gardenplus:plantes/plantesuspendu_spruce"},{"predicate":{"custom_model_data":10131},"model":"gardenplus:plantes/plantesuspendu_warped"},{"predicate":{"custom_model_data":10132},"model":"gardenplus:plantes/plantesuspendu_acacia"},{"predicate":{"custom_model_data":10133},"model":"gardenplus:plantes/rosier_oak"},{"predicate":{"custom_model_data":10134},"model":"gardenplus:plantes/rosier_dark_oak"},{"predicate":{"custom_model_data":10135},"model":"gardenplus:plantes/rosier_spruce"},{"predicate":{"custom_model_data":10136},"model":"gardenplus:plantes/rosier_birch"},{"predicate":{"custom_model_data":10137},"model":"gardenplus:plantes/lilas_birch"},{"predicate":{"custom_model_data":10138},"model":"gardenplus:plantes/lilas_spruce"},{"predicate":{"custom_model_data":10139},"model":"gardenplus:plantes/lilas_oak"},{"predicate":{"custom_model_data":10140},"model":"gardenplus:plantes/lilas_dark_oak"},{"predicate":{"custom_model_data":10141},"model":"gardenplus:plantes/peony_birch"},{"predicate":{"custom_model_data":10142},"model":"gardenplus:plantes/peony_spruce"},{"predicate":{"custom_model_data":10143},"model":"gardenplus:plantes/peony_oak"},{"predicate":{"custom_model_data":10144},"model":"gardenplus:plantes/peony_dark_oak"},{"predicate":{"custom_model_data":10145},"model":"gardenplus:plantes/peony_big_barrel"},{"predicate":{"custom_model_data":10146},"model":"gardenplus:plantes/peony_big_brick"},{"predicate":{"custom_model_data":10147},"model":"gardenplus:plantes/peony_big_cobble"},{"predicate":{"custom_model_data":10148},"model":"gardenplus:plantes/rose_big_barrel"},{"predicate":{"custom_model_data":10149},"model":"gardenplus:plantes/rose_big_brick"},{"predicate":{"custom_model_data":10150},"model":"gardenplus:plantes/rose_big_cobble"},{"predicate":{"custom_model_data":10151},"model":"gardenplus:plantes/lilac_big_barrel"},{"predicate":{"custom_model_data":10152},"model":"gardenplus:plantes/lilac_big_brick"},{"predicate":{"custom_model_data":10153},"model":"gardenplus:plantes/lilac_big_cobble"},{"predicate":{"custom_model_data":10154},"model":"gardenplus:plantes/windowpotside_acacia_pink"},{"predicate":{"custom_model_data":10155},"model":"gardenplus:plantes/windowpotside_barrel_pink"},{"predicate":{"custom_model_data":10156},"model":"gardenplus:plantes/windowpotside_birch_pink"},{"predicate":{"custom_model_data":10157},"model":"gardenplus:plantes/windowpotside_brick_pink"},{"predicate":{"custom_model_data":10158},"model":"gardenplus:plantes/windowpotside_cobble_pink"},{"predicate":{"custom_model_data":10159},"model":"gardenplus:plantes/windowpotside_crimson_pink"},{"predicate":{"custom_model_data":10160},"model":"gardenplus:plantes/windowpotside_darkoak_pink"},{"predicate":{"custom_model_data":10161},"model":"gardenplus:plantes/windowpotside_jungle_pink"},{"predicate":{"custom_model_data":10162},"model":"gardenplus:plantes/windowpotside_oak_pink"},{"predicate":{"custom_model_data":10163},"model":"gardenplus:plantes/windowpotside_spruce_pink"},{"predicate":{"custom_model_data":10164},"model":"gardenplus:plantes/windowpotside_warped_pink"},{"predicate":{"custom_model_data":10165},"model":"gardenplus:bancs/banc_acacia_gauche"},{"predicate":{"custom_model_data":10166},"model":"gardenplus:bancs/banc_acacia_droit"},{"predicate":{"custom_model_data":10167},"model":"gardenplus:bancs/banc_birch_gauche"},{"predicate":{"custom_model_data":10168},"model":"gardenplus:bancs/banc_birch_droit"},{"predicate":{"custom_model_data":10169},"model":"gardenplus:bancs/banc_crimson_gauche"},{"predicate":{"custom_model_data":10170},"model":"gardenplus:bancs/banc_crimson_droit"},{"predicate":{"custom_model_data":10171},"model":"gardenplus:bancs/banc_darkoak_gauche"},{"predicate":{"custom_model_data":10172},"model":"gardenplus:bancs/banc_darkoak_droit"},{"predicate":{"custom_model_data":10173},"model":"gardenplus:bancs/banc_jungle_gauche"},{"predicate":{"custom_model_data":10174},"model":"gardenplus:bancs/banc_jungle_droit"},{"predicate":{"custom_model_data":10175},"model":"gardenplus:bancs/banc_oak_gauche"},{"predicate":{"custom_model_data":10176},"model":"gardenplus:bancs/banc_oak_droit"},{"predicate":{"custom_model_data":10177},"model":"gardenplus:bancs/banc_spruce_gauche"},{"predicate":{"custom_model_data":10178},"model":"gardenplus:bancs/banc_spruce_droit"},{"predicate":{"custom_model_data":10179},"model":"gardenplus:bancs/banc_warped_gauche"},{"predicate":{"custom_model_data":10180},"model":"gardenplus:bancs/banc_warped_droit"},{"predicate":{"custom_model_data":10181},"model":"terraria:auto_generated/raw_tin"},{"predicate":{"custom_model_data":10182},"model":"terraria:auto_generated/raw_lead"},{"predicate":{"custom_model_data":10183},"model":"terraria:auto_generated/raw_silver"},{"predicate":{"custom_model_data":10184},"model":"terraria:auto_generated/raw_tungsten"},{"predicate":{"custom_model_data":10185},"model":"terraria:auto_generated/raw_platinum"},{"predicate":{"custom_model_data":10186},"model":"terraria:auto_generated/raw_demonite"},{"predicate":{"custom_model_data":10187},"model":"terraria:auto_generated/raw_meteorite"},{"predicate":{"custom_model_data":10188},"model":"terraria:auto_generated/raw_hellstone"},{"predicate":{"custom_model_data":10189},"model":"terraria:auto_generated/raw_cobalt"},{"predicate":{"custom_model_data":10190},"model":"terraria:auto_generated/raw_palladium"},{"predicate":{"custom_model_data":10191},"model":"terraria:auto_generated/raw_orichalcum"},{"predicate":{"custom_model_data":10192},"model":"terraria:auto_generated/raw_mythril"},{"predicate":{"custom_model_data":10193},"model":"terraria:auto_generated/raw_adamantite"},{"predicate":{"custom_model_data":10194},"model":"terraria:auto_generated/raw_titanium"},{"predicate":{"custom_model_data":10195},"model":"terraria:auto_generated/raw_chlorophyte"},{"predicate":{"custom_model_data":10196},"model":"terraria:auto_generated/raw_luminite"},{"predicate":{"custom_model_data":10197},"model":"minecraft:item/paper"}]}