{"parent":"minecraft:item/generated","textures":{"layer0":"minecraft:item/paper"},"overrides":[{"predicate":{"custom_model_data":10000},"model":"z_iainternal:auto_generated/icon_left_blue"},{"predicate":{"custom_model_data":10001},"model":"z_iainternal:auto_generated/icon_right_blue"},{"predicate":{"custom_model_data":10002},"model":"z_iainternal:auto_generated/icon_search"},{"predicate":{"custom_model_data":10003},"model":"z_iainternal:auto_generated/icon_cancel"},{"predicate":{"custom_model_data":10004},"model":"z_iainternal:auto_generated/icon_arrow_chest"},{"predicate":{"custom_model_data":10005},"model":"z_iainternal:auto_generated/icon_back_orange"},{"predicate":{"custom_model_data":10006},"model":"z_iainternal:auto_generated/icon_next_orange"},{"predicate":{"custom_model_data":10007},"model":"block:auto_generated/yk"},{"predicate":{"custom_model_data":10010},"model":"wq:auto_generated/myitem1"},{"predicate":{"custom_model_data":10011},"model":"furnituresplus:redvibecollection/red_wooden_sofa_left"},{"predicate":{"custom_model_data":10012},"model":"furnituresplus:redvibecollection/red_wooden_sofa_middle"},{"predicate":{"custom_model_data":10013},"model":"furnituresplus:redvibecollection/red_wooden_sofa_right"},{"predicate":{"custom_model_data":10014},"model":"furnituresplus:redvibecollection/red_wooden_sofa_corner"},{"predicate":{"custom_model_data":10015},"model":"furnituresplus:redvibecollection/red_wooden_sofa_single"},{"predicate":{"custom_model_data":10016},"model":"furnituresplus:redvibecollection/red_wooden_lowtable"},{"predicate":{"custom_model_data":10017},"model":"furnituresplus:redvibecollection/red_wooden_buffettable"},{"predicate":{"custom_model_data":10018},"model":"furnituresplus:redvibecollection/red_bedside_table"},{"predicate":{"custom_model_data":10019},"model":"furnituresplus:redvibecollection/red_oakpaint"},{"predicate":{"custom_model_data":10020},"model":"furnituresplus:redvibecollection/red_wooden_chair"},{"predicate":{"custom_model_data":10021},"model":"furnituresplus:redvibecollection/red_wooden_diningtable"},{"predicate":{"custom_model_data":10022},"model":"furnituresplus:redvibecollection/red_storage_furniture"},{"predicate":{"custom_model_data":10023},"model":"furnituresplus:blankacollection/white_wooden_sofa_left"},{"predicate":{"custom_model_data":10024},"model":"furnituresplus:blankacollection/white_wooden_sofa_middle"},{"predicate":{"custom_model_data":10025},"model":"furnituresplus:blankacollection/white_wooden_sofa_right"},{"predicate":{"custom_model_data":10026},"model":"furnituresplus:blankacollection/white_wooden_sofa_corner"},{"predicate":{"custom_model_data":10027},"model":"furnituresplus:blankacollection/white_wooden_sofa_single"},{"predicate":{"custom_model_data":10028},"model":"furnituresplus:blankacollection/white_wooden_lowtable"},{"predicate":{"custom_model_data":10029},"model":"furnituresplus:blankacollection/white_wooden_buffettable"},{"predicate":{"custom_model_data":10030},"model":"furnituresplus:blankacollection/white_bedside_table"},{"predicate":{"custom_model_data":10031},"model":"furnituresplus:blankacollection/white_sprucepaint"},{"predicate":{"custom_model_data":10032},"model":"furnituresplus:blankacollection/white_wooden_chair"},{"predicate":{"custom_model_data":10033},"model":"furnituresplus:blankacollection/white_wooden_diningtable"},{"predicate":{"custom_model_data":10034},"model":"furnituresplus:blankacollection/white_storage_furniture"},{"predicate":{"custom_model_data":10035},"model":"furnituresplus:summercollection/cyan_wooden_sofa_left"},{"predicate":{"custom_model_data":10036},"model":"furnituresplus:summercollection/cyan_wooden_sofa_middle"},{"predicate":{"custom_model_data":10037},"model":"furnituresplus:summercollection/cyan_wooden_sofa_right"},{"predicate":{"custom_model_data":10038},"model":"furnituresplus:summercollection/cyan_wooden_sofa_corner"},{"predicate":{"custom_model_data":10039},"model":"furnituresplus:summercollection/cyan_wooden_sofa_single"},{"predicate":{"custom_model_data":10040},"model":"furnituresplus:summercollection/cyan_lowtable"},{"predicate":{"custom_model_data":10041},"model":"furnituresplus:summercollection/cyan_buffet_table"},{"predicate":{"custom_model_data":10042},"model":"furnituresplus:summercollection/cyan_bedside_table"},{"predicate":{"custom_model_data":10043},"model":"furnituresplus:summercollection/cyan_summerpaint"},{"predicate":{"custom_model_data":10044},"model":"furnituresplus:summercollection/cyan_wooden_chair"},{"predicate":{"custom_model_data":10045},"model":"furnituresplus:summercollection/cyan_wooden_diningtable"},{"predicate":{"custom_model_data":10046},"model":"furnituresplus:summercollection/cyan_storage_furniture"},{"predicate":{"custom_model_data":10047},"model":"furnituresplus:acaciagraycollection/gray_wooden_sofa_left"},{"predicate":{"custom_model_data":10048},"model":"furnituresplus:acaciagraycollection/gray_wooden_sofa_middle"},{"predicate":{"custom_model_data":10049},"model":"furnituresplus:acaciagraycollection/gray_wooden_sofa_right"},{"predicate":{"custom_model_data":10050},"model":"furnituresplus:acaciagraycollection/gray_wooden_sofa_corner"},{"predicate":{"custom_model_data":10051},"model":"furnituresplus:acaciagraycollection/gray_wooden_sofa_single"},{"predicate":{"custom_model_data":10052},"model":"furnituresplus:acaciagraycollection/gray_wooden_lowtable"},{"predicate":{"custom_model_data":10053},"model":"furnituresplus:acaciagraycollection/gray_wooden_buffettable"},{"predicate":{"custom_model_data":10054},"model":"furnituresplus:acaciagraycollection/gray_bedside_table"},{"predicate":{"custom_model_data":10055},"model":"furnituresplus:acaciagraycollection/gray_acaciapaint"},{"predicate":{"custom_model_data":10056},"model":"furnituresplus:acaciagraycollection/gray_wooden_chair"},{"predicate":{"custom_model_data":10057},"model":"furnituresplus:acaciagraycollection/gray_wooden_diningtable"},{"predicate":{"custom_model_data":10058},"model":"furnituresplus:acaciagraycollection/gray_storage_furniture"},{"predicate":{"custom_model_data":10059},"model":"furnituresplus:steelcollection/iron_sofa_left"},{"predicate":{"custom_model_data":10060},"model":"furnituresplus:steelcollection/iron_sofa_middle"},{"predicate":{"custom_model_data":10061},"model":"furnituresplus:steelcollection/iron_sofa_right"},{"predicate":{"custom_model_data":10062},"model":"furnituresplus:steelcollection/iron_sofa_corner"},{"predicate":{"custom_model_data":10063},"model":"furnituresplus:steelcollection/iron_sofa_single"},{"predicate":{"custom_model_data":10064},"model":"furnituresplus:steelcollection/iron_lowtable"},{"predicate":{"custom_model_data":10065},"model":"furnituresplus:steelcollection/iron_buffettable"},{"predicate":{"custom_model_data":10066},"model":"furnituresplus:steelcollection/iron_bedside_table"},{"predicate":{"custom_model_data":10067},"model":"furnituresplus:steelcollection/iron_paint"},{"predicate":{"custom_model_data":10068},"model":"furnituresplus:steelcollection/iron_chair"},{"predicate":{"custom_model_data":10069},"model":"furnituresplus:steelcollection/iron_diningtable"},{"predicate":{"custom_model_data":10070},"model":"furnituresplus:steelcollection/iron_storage_furniture"},{"predicate":{"custom_model_data":10071},"model":"furnituresplus:amethystcollection/amethyst_sofa_left"},{"predicate":{"custom_model_data":10072},"model":"furnituresplus:amethystcollection/amethyst_sofa_right"},{"predicate":{"custom_model_data":10073},"model":"furnituresplus:amethystcollection/amethyst_sofa_middle"},{"predicate":{"custom_model_data":10074},"model":"furnituresplus:amethystcollection/amethyst_sofa_corner"},{"predicate":{"custom_model_data":10075},"model":"furnituresplus:amethystcollection/amethyst_sofa_single"},{"predicate":{"custom_model_data":10076},"model":"furnituresplus:amethystcollection/amethyst_lowtable"},{"predicate":{"custom_model_data":10077},"model":"furnituresplus:amethystcollection/amethys_buffet_table"},{"predicate":{"custom_model_data":10078},"model":"furnituresplus:amethystcollection/amethyst_bedside_table"},{"predicate":{"custom_model_data":10079},"model":"furnituresplus:amethystcollection/amethyst_paint"},{"predicate":{"custom_model_data":10080},"model":"furnituresplus:amethystcollection/amethyst_chair"},{"predicate":{"custom_model_data":10081},"model":"furnituresplus:amethystcollection/amethyst_diningtable"},{"predicate":{"custom_model_data":10082},"model":"furnituresplus:amethystcollection/amethyst_storage_furniture"},{"predicate":{"custom_model_data":10083},"model":"furnituresplus:others/radio"},{"predicate":{"custom_model_data":10084},"model":"furnituresplus:others/bluepaint"},{"predicate":{"custom_model_data":10085},"model":"furnituresplus:others/greenpaint"},{"predicate":{"custom_model_data":10086},"model":"furnituresplus:others/greenpaintb"},{"predicate":{"custom_model_data":10087},"model":"furnituresplus:machine/fabric_machine_plus"},{"predicate":{"custom_model_data":10088},"model":"minecraft:item/paper"}]}