{"parent":"minecraft:item/handheld","textures":{"layer0":"minecraft:item/stick"},"overrides":[{"predicate":{"custom_model_data":10000},"model":"forestry:auto_generated/avocado_tree_sapling"},{"predicate":{"custom_model_data":10001},"model":"forestry:auto_generated/banana_tree_sapling"},{"predicate":{"custom_model_data":10002},"model":"forestry:auto_generated/cherry_tree_sapling"},{"predicate":{"custom_model_data":10003},"model":"forestry:auto_generated/decaying_tree_sapling"},{"predicate":{"custom_model_data":10004},"model":"forestry:auto_generated/dragonfruit_tree_sapling"},{"predicate":{"custom_model_data":10005},"model":"forestry:auto_generated/guava_tree_sapling"},{"predicate":{"custom_model_data":10006},"model":"forestry:auto_generated/lemon_tree_sapling"},{"predicate":{"custom_model_data":10007},"model":"forestry:auto_generated/lime_tree_sapling"},{"predicate":{"custom_model_data":10008},"model":"forestry:auto_generated/mango_tree_sapling"},{"predicate":{"custom_model_data":10009},"model":"forestry:auto_generated/maple_tree_sapling"},{"predicate":{"custom_model_data":10010},"model":"forestry:auto_generated/nut_tree_sapling"},{"predicate":{"custom_model_data":10011},"model":"forestry:auto_generated/olive_tree_sapling"},{"predicate":{"custom_model_data":10012},"model":"forestry:auto_generated/orange_tree_sapling"},{"predicate":{"custom_model_data":10013},"model":"forestry:auto_generated/prune_tree_sapling"},{"predicate":{"custom_model_data":10014},"model":"forestry:auto_generated/palm_tree_sapling"},{"predicate":{"custom_model_data":10015},"model":"forestry:auto_generated/passionfruit_tree_sapling"},{"predicate":{"custom_model_data":10016},"model":"forestry:auto_generated/peach_tree_sapling"},{"predicate":{"custom_model_data":10017},"model":"forestry:auto_generated/plum_tree_sapling"},{"predicate":{"custom_model_data":10018},"model":"furnituresplus:auto_generated/cyansummerfabric"},{"predicate":{"custom_model_data":10019},"model":"furnituresplus:auto_generated/acaciagray"},{"predicate":{"custom_model_data":10020},"model":"furnituresplus:auto_generated/redfabric"},{"predicate":{"custom_model_data":10021},"model":"furnituresplus:auto_generated/yellowfabric"},{"predicate":{"custom_model_data":10022},"model":"furnituresplus:auto_generated/blackfabric"},{"predicate":{"custom_model_data":10023},"model":"furnituresplus:auto_generated/greenfabric"},{"predicate":{"custom_model_data":10024},"model":"furnituresplus:auto_generated/bluefabric"},{"predicate":{"custom_model_data":10025},"model":"furnituresplus:auto_generated/amethystfabric"},{"predicate":{"custom_model_data":10026},"model":"minecraft:item/stick"}]}