{"parent":"minecraft:item/generated","textures":{"layer0":"minecraft:item/sweet_berries"},"overrides":[{"predicate":{"custom_model_data":10000},"model":"forestry:auto_generated/avocado"},{"predicate":{"custom_model_data":10001},"model":"forestry:auto_generated/banana"},{"predicate":{"custom_model_data":10002},"model":"forestry:auto_generated/cherry"},{"predicate":{"custom_model_data":10003},"model":"forestry:auto_generated/rottenfruit"},{"predicate":{"custom_model_data":10004},"model":"forestry:auto_generated/dragonfruit"},{"predicate":{"custom_model_data":10005},"model":"forestry:auto_generated/guava"},{"predicate":{"custom_model_data":10006},"model":"forestry:auto_generated/lemon"},{"predicate":{"custom_model_data":10007},"model":"forestry:auto_generated/lime"},{"predicate":{"custom_model_data":10008},"model":"forestry:auto_generated/mango"},{"predicate":{"custom_model_data":10009},"model":"forestry:auto_generated/maple"},{"predicate":{"custom_model_data":10010},"model":"forestry:auto_generated/chestnut"},{"predicate":{"custom_model_data":10011},"model":"forestry:auto_generated/almond"},{"predicate":{"custom_model_data":10012},"model":"forestry:auto_generated/cashew"},{"predicate":{"custom_model_data":10013},"model":"forestry:auto_generated/olive"},{"predicate":{"custom_model_data":10014},"model":"forestry:auto_generated/orange"},{"predicate":{"custom_model_data":10015},"model":"forestry:auto_generated/coconut"},{"predicate":{"custom_model_data":10016},"model":"forestry:auto_generated/passionfruit"},{"predicate":{"custom_model_data":10017},"model":"forestry:auto_generated/peach"},{"predicate":{"custom_model_data":10018},"model":"forestry:auto_generated/plum"},{"predicate":{"custom_model_data":10019},"model":"forestry:auto_generated/prune"},{"predicate":{"custom_model_data":10020},"model":"minecraft:item/sweet_berries"}]}