{"credit":"MadewithBlockbench","textures":{"3":"furnituresplus:furnituresplus/cyanfabric","4":"furnituresplus:furnituresplus/junglechisela","5":"furnituresplus:furnituresplus/junglechiselb"},"elements":[{"from":[0,15,0],"to":[16,16,15],"rotation":{"angle":0,"axis":"y","origin":[16,4,0]},"faces":{"north":{"uv":[16,2,8,3],"texture":"#5"},"east":{"uv":[16,2,8,3],"texture":"#5"},"south":{"uv":[16,2,8,3],"texture":"#5"},"west":{"uv":[16,2,8,3],"texture":"#5"},"up":{"uv":[16,0,0,16],"texture":"#5"},"down":{"uv":[16,8,8,16],"texture":"#5"}}},{"from":[3,16,2.2],"to":[13,16.1,12.2],"rotation":{"angle":0,"axis":"y","origin":[16,4,0]},"faces":{"north":{"uv":[16,2,8,3],"texture":"#3"},"east":{"uv":[16,2,8,3],"texture":"#3"},"south":{"uv":[16,2,8,3],"texture":"#3"},"west":{"uv":[16,2,8,3],"texture":"#3"},"up":{"uv":[16,0,0,16],"texture":"#3"},"down":{"uv":[16,8,8,16],"texture":"#3"}}},{"from":[0.5,11,0],"to":[15.6,15,14],"rotation":{"angle":0,"axis":"y","origin":[0,4,0]},"faces":{"north":{"uv":[0,3,16,8],"texture":"#4"},"east":{"uv":[0,3,16,8],"texture":"#4"},"south":{"uv":[0,3,16,8],"texture":"#4"},"west":{"uv":[0,3,16,8],"texture":"#4"},"up":{"uv":[0,0,12,11],"texture":"#4"},"down":{"uv":[0,0,12,11],"texture":"#4"}}},{"from":[0.5,0,0],"to":[15.6,4,14],"rotation":{"angle":0,"axis":"y","origin":[0,4,0]},"faces":{"north":{"uv":[0,3,16,8],"texture":"#4"},"east":{"uv":[0,3,16,8],"texture":"#4"},"south":{"uv":[0,3,16,8],"texture":"#4"},"west":{"uv":[0,3,16,8],"texture":"#4"},"up":{"uv":[0,0,12,11],"texture":"#4"},"down":{"uv":[0,0,12,11],"texture":"#4"}}},{"from":[5.9,13.1,13.5],"to":[10.1,13.4,14.5],"rotation":{"angle":0,"axis":"y","origin":[0,4,0]},"faces":{"north":{"uv":[0,0,1.2,1.3],"texture":"#3"},"east":{"uv":[0,0,1,0.3],"texture":"#3"},"south":{"uv":[0,0,1.2,0.3],"texture":"#3"},"west":{"uv":[0,0,1,0.3],"texture":"#3"},"up":{"uv":[0,0,1.2,1],"texture":"#3"},"down":{"uv":[0,0,1.2,1],"texture":"#3"}}},{"from":[5.9,1.8,13.5],"to":[10.1,2.1,14.5],"rotation":{"angle":0,"axis":"y","origin":[0,4,0]},"faces":{"north":{"uv":[0,0,1.2,1.3],"texture":"#3"},"east":{"uv":[0,0,1,0.3],"texture":"#3"},"south":{"uv":[0,0,1.2,0.3],"texture":"#3"},"west":{"uv":[0,0,1,0.3],"texture":"#3"},"up":{"uv":[0,0,1.2,1],"texture":"#3"},"down":{"uv":[0,0,1.2,1],"texture":"#3"}}},{"from":[13.9,9,-3.1],"to":[14.9,11,9.4],"rotation":{"angle":45,"axis":"x","origin":[1,4,1.9]},"faces":{"north":{"uv":[0,0,1,2],"texture":"#4"},"east":{"uv":[0,0,12.5,2],"texture":"#4"},"south":{"uv":[0,0,1,2],"texture":"#4"},"west":{"uv":[0,4,12.5,6],"texture":"#4"},"up":{"uv":[0,0,1,12.5],"texture":"#4"},"down":{"uv":[0,0,1,12.5],"texture":"#4"}}},{"from":[1.1,9,-3.1],"to":[2.1,11,9.4],"rotation":{"angle":45,"axis":"x","origin":[15,4,1.9]},"faces":{"north":{"uv":[1,0,2,2],"texture":"#4"},"east":{"uv":[3.5,0,16,2],"texture":"#4"},"south":{"uv":[1,0,2,2],"texture":"#4"},"west":{"uv":[3.5,4,16,6],"texture":"#4"},"up":{"uv":[1,0,2,12.5],"texture":"#4"},"down":{"uv":[1,0,2,12.5],"texture":"#4"}}},{"from":[1.3,12.5,7.2],"to":[2.3,14.5,19.4],"rotation":{"angle":-45,"axis":"x","origin":[15,4,17.9]},"faces":{"north":{"uv":[0,0,1,2],"texture":"#4"},"east":{"uv":[0,0,12.2,2],"texture":"#4"},"south":{"uv":[0,0,1,2],"texture":"#4"},"west":{"uv":[0,4,12.2,6],"texture":"#4"},"up":{"uv":[1,3.8,2,16],"texture":"#4"},"down":{"uv":[1,3.8,2,16],"texture":"#4"}}},{"from":[0.3,0.3,11.5],"to":[1.3,15.5,13.5],"rotation":{"angle":0,"axis":"x","origin":[15,4,16]},"faces":{"north":{"uv":[1,3.8,2,16],"rotation":180,"texture":"#4"},"east":{"uv":[0,0,12.2,2],"rotation":90,"texture":"#4"},"south":{"uv":[1,3.8,2,16],"texture":"#4"},"west":{"uv":[0,4,12.2,6],"rotation":270,"texture":"#4"},"up":{"uv":[0,0,1,2],"texture":"#4"},"down":{"uv":[0,0,1,2],"rotation":180,"texture":"#4"}}},{"from":[0.3,0.3,0.4],"to":[1.3,15.5,2.4],"rotation":{"angle":0,"axis":"x","origin":[15,4,16]},"faces":{"north":{"uv":[1,3.8,2,16],"rotation":180,"texture":"#4"},"east":{"uv":[0,0,12.2,2],"rotation":90,"texture":"#4"},"south":{"uv":[1,3.8,2,16],"texture":"#4"},"west":{"uv":[0,4,12.2,6],"rotation":270,"texture":"#4"},"up":{"uv":[0,0,1,2],"texture":"#4"},"down":{"uv":[0,0,1,2],"rotation":180,"texture":"#4"}}},{"from":[14.8,0.3,0.4],"to":[15.8,15.5,2.4],"rotation":{"angle":0,"axis":"x","origin":[15,4,16]},"faces":{"north":{"uv":[1,3.8,2,16],"rotation":180,"texture":"#4"},"east":{"uv":[0,0,12.2,2],"rotation":90,"texture":"#4"},"south":{"uv":[1,3.8,2,16],"texture":"#4"},"west":{"uv":[0,4,12.2,6],"rotation":270,"texture":"#4"},"up":{"uv":[0,0,1,2],"texture":"#4"},"down":{"uv":[0,0,1,2],"rotation":180,"texture":"#4"}}},{"from":[14.8,0.3,11.5],"to":[15.8,15.5,13.5],"rotation":{"angle":0,"axis":"x","origin":[15,4,16]},"faces":{"north":{"uv":[1,3.8,2,16],"rotation":180,"texture":"#4"},"east":{"uv":[0,0,12.2,2],"rotation":90,"texture":"#4"},"south":{"uv":[1,3.8,2,16],"texture":"#4"},"west":{"uv":[0,4,12.2,6],"rotation":270,"texture":"#4"},"up":{"uv":[0,0,1,2],"texture":"#4"},"down":{"uv":[0,0,1,2],"rotation":180,"texture":"#4"}}},{"from":[13.7,12.5,7.2],"to":[14.7,14.5,19.4],"rotation":{"angle":-45,"axis":"x","origin":[1,4,17.9]},"faces":{"north":{"uv":[1,0,2,2],"texture":"#4"},"east":{"uv":[3.8,0,16,2],"texture":"#4"},"south":{"uv":[1,0,2,2],"texture":"#4"},"west":{"uv":[3.8,4,16,6],"texture":"#4"},"up":{"uv":[0,3.8,1,16],"texture":"#4"},"down":{"uv":[0,3.8,1,16],"texture":"#4"}}}],"display":{"thirdperson_righthand":{"rotation":[75,45,0],"translation":[0,2.5,0],"scale":[0.375,0.375,0.375]},"thirdperson_lefthand":{"rotation":[75,45,0],"translation":[0,2.5,0],"scale":[0.375,0.375,0.375]},"firstperson_righthand":{"rotation":[0,45,0],"scale":[0.4,0.4,0.4]},"firstperson_lefthand":{"rotation":[0,45,0],"scale":[0.4,0.4,0.4]},"ground":{"translation":[0,2,0],"scale":[0.5,0.5,0.5]},"gui":{"rotation":[30,45,0],"translation":[0,-0.6,0],"scale":[0.5,0.5,0.5]},"head":{"translation":[0,-30.4,0],"scale":[1.6,1.6,1.6]},"fixed":{"rotation":[-90,180,0],"translation":[0,0,-14],"scale":[2.01,2.01,2.01]}}}