{"credit":"MadewithBlockbench","textures":{"1":"furnituresplus:furnituresplus/white_wool","2":"furnituresplus:furnituresplus/spruce_planks","3":"furnituresplus:furnituresplus/yellowfabric","particle":"furnituresplus:furnituresplus/white_wool"},"elements":[{"from":[2,3,1],"to":[14,9,16],"faces":{"north":{"uv":[0,0,2,12],"texture":"#1"},"east":{"uv":[0,0,2,12],"texture":"#1"},"south":{"uv":[0,0,12,8],"texture":"#1"},"west":{"uv":[0,0,15,12],"texture":"#1"},"up":{"uv":[0,0,16,16],"texture":"#1"},"down":{"uv":[0,0,2,16],"texture":"#1"}}},{"from":[2,2,1],"to":[14,3,16],"faces":{"north":{"uv":[0,0,13,1],"texture":"#2"},"east":{"uv":[0,0,14,1],"texture":"#2"},"south":{"uv":[0,0,13,1],"texture":"#2"},"west":{"uv":[0,0,14,1],"texture":"#2"},"up":{"uv":[0,0,13,14],"texture":"#2"},"down":{"uv":[0,0,13,14],"texture":"#2"}}},{"from":[2,9,1],"to":[14,16,4],"faces":{"north":{"uv":[0,0,15,10],"texture":"#1"},"east":{"uv":[0,0,3,10],"texture":"#1"},"south":{"uv":[0,0,15,10],"texture":"#1"},"west":{"uv":[0,0,3,10],"texture":"#1"},"up":{"uv":[0,0,15,3],"texture":"#1"},"down":{"uv":[0,0,15,3],"texture":"#1"}}},{"from":[14,12,0],"to":[17,13,13],"faces":{"north":{"uv":[0,0,3,1],"texture":"#2"},"east":{"uv":[0,0,13,1],"texture":"#2"},"south":{"uv":[1,5,0,2],"rotation":90,"texture":"#2"},"west":{"uv":[0,0,13,1],"texture":"#2"},"up":{"uv":[14,5,0,2],"rotation":90,"texture":"#2"},"down":{"uv":[0,0,3,13],"texture":"#2"}}},{"from":[14,2,1],"to":[17,3,12],"faces":{"north":{"uv":[0,0,3,1],"texture":"#2"},"east":{"uv":[0,0,11,1],"texture":"#2"},"south":{"uv":[0,0,3,1],"texture":"#2"},"west":{"uv":[0,0,11,1],"texture":"#2"},"up":{"uv":[0,2,3,13],"texture":"#2"},"down":{"uv":[0,0,3,11],"texture":"#2"}}},{"from":[14,0,1],"to":[17,1,12],"faces":{"north":{"uv":[0,0,3,1],"texture":"#2"},"east":{"uv":[0,0,11,1],"texture":"#2"},"south":{"uv":[0,0,3,1],"texture":"#2"},"west":{"uv":[0,0,11,1],"texture":"#2"},"up":{"uv":[0,0,3,11],"texture":"#2"},"down":{"uv":[0,0,3,11],"texture":"#2"}}},{"from":[14,4,1],"to":[16.9,5,12],"faces":{"north":{"uv":[0,0,2.9,1],"texture":"#2"},"east":{"uv":[0,0,11,1],"texture":"#2"},"south":{"uv":[0,0,2.9,1],"texture":"#2"},"west":{"uv":[0,0,11,1],"texture":"#2"},"up":{"uv":[0,0,3,11],"texture":"#2"},"down":{"uv":[0,0,2.9,11],"texture":"#2"}}},{"from":[14,5,9],"to":[16.9,12,10],"faces":{"north":{"uv":[0,0,2.9,11],"rotation":180,"texture":"#2"},"east":{"uv":[11,1,0,0],"rotation":90,"texture":"#2"},"south":{"uv":[0,0,2,6],"texture":"#2"},"west":{"uv":[11,1,0,0],"rotation":270,"texture":"#2"},"up":{"uv":[0,0,2.9,1],"rotation":180,"texture":"#2"},"down":{"uv":[0,0,2.9,1],"texture":"#2"}}},{"from":[14,5,6],"to":[16.9,12,7],"faces":{"north":{"uv":[0,0,2.9,11],"rotation":180,"texture":"#2"},"east":{"uv":[11,1,0,0],"rotation":90,"texture":"#2"},"south":{"uv":[5,5,7,11],"texture":"#2"},"west":{"uv":[11,1,0,0],"rotation":270,"texture":"#2"},"up":{"uv":[0,0,2.9,1],"rotation":180,"texture":"#2"},"down":{"uv":[0,0,2.9,1],"texture":"#2"}}},{"from":[14,5,3],"to":[16.9,12,4],"faces":{"north":{"uv":[0,0,2.9,11],"rotation":180,"texture":"#2"},"east":{"uv":[11,1,0,0],"rotation":90,"texture":"#2"},"south":{"uv":[0,0,2,6],"texture":"#2"},"west":{"uv":[11,1,0,0],"rotation":270,"texture":"#2"},"up":{"uv":[0,0,2.9,1],"rotation":180,"texture":"#2"},"down":{"uv":[0,0,2.9,1],"texture":"#2"}}},{"from":[14,0,12],"to":[17,12,13],"faces":{"north":{"uv":[14,5,0,2],"rotation":90,"texture":"#2"},"east":{"uv":[15,1,0,0],"rotation":90,"texture":"#2"},"south":{"uv":[14,5,0,2],"rotation":90,"texture":"#2"},"west":{"uv":[0,0,1,12],"texture":"#2"},"up":{"uv":[0,0,3,1],"texture":"#2"},"down":{"uv":[0,0,3,1],"texture":"#2"}}},{"from":[14,0,0],"to":[17,12,1],"faces":{"north":{"uv":[14,5,0,2],"rotation":90,"texture":"#2"},"east":{"uv":[15,1,0,0],"rotation":90,"texture":"#2"},"south":{"uv":[14,5,0,2],"rotation":90,"texture":"#2"},"west":{"uv":[0,0,1,12],"texture":"#2"},"up":{"uv":[0,0,3,1],"texture":"#2"},"down":{"uv":[0,0,3,1],"texture":"#2"}}},{"from":[-1,0,12],"to":[2,12,13],"faces":{"north":{"uv":[14,5,0,2],"rotation":90,"texture":"#2"},"east":{"uv":[15,1,0,0],"rotation":90,"texture":"#2"},"south":{"uv":[14,5,0,2],"rotation":90,"texture":"#2"},"west":{"uv":[0,0,1,12],"texture":"#2"},"up":{"uv":[0,0,3,1],"texture":"#2"},"down":{"uv":[0,0,3,1],"texture":"#2"}}},{"from":[-1,12,0],"to":[2,13,13],"faces":{"north":{"uv":[0,0,3,1],"texture":"#2"},"east":{"uv":[0,0,13,1],"texture":"#2"},"south":{"uv":[1,5,0,2],"rotation":90,"texture":"#2"},"west":{"uv":[0,0,13,1],"texture":"#2"},"up":{"uv":[14,5,0,2],"rotation":90,"texture":"#2"},"down":{"uv":[0,0,3,13],"texture":"#2"}}},{"from":[-1,5,6],"to":[1.9,12,7],"faces":{"north":{"uv":[0,0,2.9,11],"rotation":180,"texture":"#2"},"east":{"uv":[11,1,0,0],"rotation":90,"texture":"#2"},"south":{"uv":[0,0,2,6],"texture":"#2"},"west":{"uv":[11,1,0,0],"rotation":270,"texture":"#2"},"up":{"uv":[0,0,2.9,1],"rotation":180,"texture":"#2"},"down":{"uv":[0,0,2.9,1],"texture":"#2"}}},{"from":[-1,5,9],"to":[1.9,12,10],"faces":{"north":{"uv":[0,0,2.9,11],"rotation":180,"texture":"#2"},"east":{"uv":[11,1,0,0],"rotation":90,"texture":"#2"},"south":{"uv":[5,3,7,9],"texture":"#2"},"west":{"uv":[11,1,0,0],"rotation":270,"texture":"#2"},"up":{"uv":[0,0,2.9,1],"rotation":180,"texture":"#2"},"down":{"uv":[0,0,2.9,1],"texture":"#2"}}},{"from":[-1,5,3],"to":[1.9,12,4],"faces":{"north":{"uv":[0,0,2.9,11],"rotation":180,"texture":"#2"},"east":{"uv":[11,1,0,0],"rotation":90,"texture":"#2"},"south":{"uv":[0,0,2,6],"texture":"#2"},"west":{"uv":[11,1,0,0],"rotation":270,"texture":"#2"},"up":{"uv":[0,0,2.9,1],"rotation":180,"texture":"#2"},"down":{"uv":[0,0,2.9,1],"texture":"#2"}}},{"from":[-1,0,0],"to":[2,12,1],"faces":{"north":{"uv":[14,5,0,2],"rotation":90,"texture":"#2"},"east":{"uv":[15,1,0,0],"rotation":90,"texture":"#2"},"south":{"uv":[14,5,0,2],"rotation":90,"texture":"#2"},"west":{"uv":[0,0,1,12],"texture":"#2"},"up":{"uv":[0,0,3,1],"texture":"#2"},"down":{"uv":[0,0,3,1],"texture":"#2"}}},{"from":[-1,4,1],"to":[1.9,5,12],"faces":{"north":{"uv":[0,0,2.9,1],"texture":"#2"},"east":{"uv":[0,0,11,1],"texture":"#2"},"south":{"uv":[0,0,2.9,1],"texture":"#2"},"west":{"uv":[0,0,11,1],"texture":"#2"},"up":{"uv":[0,0,3,11],"texture":"#2"},"down":{"uv":[0,0,2.9,11],"texture":"#2"}}},{"from":[-1,2,1],"to":[2,3,12],"faces":{"north":{"uv":[0,0,3,1],"texture":"#2"},"east":{"uv":[0,0,11,1],"texture":"#2"},"south":{"uv":[0,0,3,1],"texture":"#2"},"west":{"uv":[0,0,11,1],"texture":"#2"},"up":{"uv":[0,2,3,13],"texture":"#2"},"down":{"uv":[0,0,3,11],"texture":"#2"}}},{"from":[-1,0,1],"to":[2,1,12],"faces":{"north":{"uv":[0,0,3,1],"texture":"#2"},"east":{"uv":[0,0,11,1],"texture":"#2"},"south":{"uv":[0,0,3,1],"texture":"#2"},"west":{"uv":[0,0,11,1],"texture":"#2"},"up":{"uv":[0,0,3,11],"texture":"#2"},"down":{"uv":[0,0,3,11],"texture":"#2"}}},{"from":[2,10,0],"to":[14,13,1],"faces":{"north":{"uv":[0,0,14,3],"texture":"#2"},"east":{"uv":[0,0,1,3],"texture":"#2"},"south":{"uv":[0,0,14,3],"texture":"#2"},"west":{"uv":[0,0,1,3],"texture":"#2"},"up":{"uv":[0,0,14,1],"texture":"#2"},"down":{"uv":[0,0,14,1],"texture":"#2"}}},{"from":[10.3,3,0],"to":[11.3,10,1],"faces":{"north":{"uv":[0,3,1,10],"texture":"#2"},"east":{"uv":[0,3,1,10],"texture":"#2"},"south":{"uv":[0,3,1,10],"texture":"#2"},"west":{"uv":[0,3,1,10],"texture":"#2"},"up":{"uv":[0,3,1,10],"texture":"#2"},"down":{"uv":[0,3,1,10],"texture":"#2"}}},{"from":[7.3,3,0],"to":[8.3,10,1],"faces":{"north":{"uv":[3,5,4,12],"texture":"#2"},"east":{"uv":[0,3,1,10],"texture":"#2"},"south":{"uv":[0,3,1,10],"texture":"#2"},"west":{"uv":[0,3,1,10],"texture":"#2"},"up":{"uv":[0,3,1,10],"texture":"#2"},"down":{"uv":[0,3,1,10],"texture":"#2"}}},{"from":[4.3,3,0],"to":[5.3,10,1],"faces":{"north":{"uv":[0,0,1,7],"texture":"#2"},"east":{"uv":[0,0,1,7],"texture":"#2"},"south":{"uv":[0,0,1,7],"texture":"#2"},"west":{"uv":[0,0,1,7],"texture":"#2"},"up":{"uv":[0,0,1,7],"texture":"#2"},"down":{"uv":[0,0,1,7],"texture":"#2"}}},{"from":[2,2,0],"to":[14,3,1],"faces":{"north":{"uv":[0,0,14,1],"texture":"#2"},"east":{"uv":[0,0,1,1],"texture":"#2"},"south":{"uv":[0,0,14,1],"texture":"#2"},"west":{"uv":[0,0,1,1],"texture":"#2"},"up":{"uv":[0,0,14,1],"texture":"#2"},"down":{"uv":[0,0,14,1],"texture":"#2"}}},{"from":[4.2,5.6,7.5],"to":[11.1,11.8,11],"rotation":{"angle":-22.5,"axis":"x","origin":[0,0,0]},"faces":{"north":{"uv":[0,0,12.6,9],"texture":"#3"},"east":{"uv":[0,0,16,14],"texture":"#3"},"south":{"uv":[0,0,16,16],"texture":"#3"},"west":{"uv":[0,0,16,14],"texture":"#3"},"up":{"uv":[0,0,16,11.5],"texture":"#3"},"down":{"uv":[0,0,12.6,2],"texture":"#3"}}}],"display":{"thirdperson_righthand":{"rotation":[75,45,0],"translation":[0,2.5,0],"scale":[0.375,0.375,0.375]},"thirdperson_lefthand":{"rotation":[75,45,0],"translation":[0,2.5,0],"scale":[0.375,0.375,0.375]},"firstperson_righthand":{"rotation":[0,45,0],"scale":[0.4,0.4,0.4]},"firstperson_lefthand":{"rotation":[0,45,0],"scale":[0.4,0.4,0.4]},"ground":{"translation":[0,2,0],"scale":[0.5,0.5,0.5]},"gui":{"rotation":[30,45,0],"translation":[0,-0.6,0],"scale":[0.5,0.5,0.5]},"head":{"translation":[0,-30.4,0],"scale":[1.6,1.6,1.6]},"fixed":{"rotation":[-90,180,0],"translation":[0,0,-14],"scale":[2.01,2.01,2.01]}}}