{
	"providers": [
		{
			"type": "bitmap",
			"file": "minecraft:icons/ping.png",
			"height": 7,
			"ascent": 7,
			"chars": [
				"🀄"
			]
		},
		{
			"type": "bitmap",
			"file": "minecraft:icons/nether_star.png",
			"height": 7,
			"ascent": 7,
			"chars": [
				"🃏"
			]
		},
		{
			"type": "bitmap",
			"file": "minecraft:icons/name_tag.png",
			"height": 9,
			"ascent": 9,
			"chars": [
				"㊙"
			]
		},
		{
			"type": "bitmap",
			"file": "minecraft:prefix/owner.png",
			"height": 9,
			"ascent": 9,
			"chars": [
				"㊗"
			]
		},
		{
			"type": "bitmap",
			"file": "minecraft:prefix/admin.png",
			"height": 9,
			"ascent": 9,
			"chars": [
				"⭕"
			]
		},
		{
			"type": "bitmap",
			"file": "minecraft:prefix/mod.png",
			"height": 9,
			"ascent": 9,
			"chars": [
				"⬛"
			]
		},
		{
			"type": "bitmap",
			"file": "minecraft:prefix/mod.png",
			"height": 9,
			"ascent": 9,
			"chars": [
				"⬜"
			]
		},
		{
			"type": "bitmap",
			"file": "minecraft:prefix/helper.png",
			"height": 9,
			"ascent": 9,
			"chars": [
				"⤴"
			]
		},
		{
			"type": "bitmap",
			"file": "minecraft:prefix/builder.png",
			"height": 9,
			"ascent": 9,
			"chars": [
				"➿"
			]
		},
		{
			"type": "bitmap",
			"file": "minecraft:prefix/youtube.png",
			"height": 9,
			"ascent": 9,
			"chars": [
				"➰"
			]
		},
		{
			"type": "bitmap",
			"file": "minecraft:icons/discord.png",
			"height": 7,
			"ascent": 7,
			"chars": [
				""
			]
		},
		{
			"type": "bitmap",
			"file": "minecraft:icons/clock.png",
			"height": 10,
			"ascent": 10,
			"chars": [
				""
			]
		},
		{
			"type": "bitmap",
			"file": "minecraft:icons/minecraft.png",
			"height": 30,
			"ascent": 20,
			"chars": [
				""
			]
		},
		{
			"type": "bitmap",
			"file": "minecraft:icons/emerald.png",
			"height": 7,
			"ascent": 7,
			"chars": [
				""
			]
		},
		{
			"type": "bitmap",
			"file": "minecraft:icons/money.png",
			"height": 7,
			"ascent": 7,
			"chars": [
				""
			]
		},
		{
			"type": "bitmap",
			"file": "minecraft:icons/hello.png",
			"height": 7,
			"ascent": 7,
			"chars": [
				""
			]
		},
		{
			"type": "bitmap",
			"file": "minecraft:icons/repeater.png",
			"height": 7,
			"ascent": 7,
			"chars": [
				""
			]
		},
		{
			"type": "bitmap",
			"file": "minecraft:icons/signo.png",
			"height": 20,
			"ascent": 20,
			"chars": [
				""
			]
		},
		{
			"type": "bitmap",
			"file": "minecraft:icons/signo2.png",
			"height": 20,
			"ascent": 20,
			"chars": [
				""
			]
		},
		{
			"type": "bitmap",
			"file": "minecraft:icons/grass.png",
			"height":7,
			"ascent": 7,
			"chars": [
				""
			]
		},
		{
			"type": "bitmap",
			"file": "minecraft:icons/cake.png",
			"height":7,
			"ascent": 7,
			"chars": [
				""
			]
		},
		{
			"type": "bitmap",
			"file": "minecraft:icons/lamp.png",
			"height":7,
			"ascent": 7,
			"chars": [
				""
			]
		},
		{
			"type": "bitmap",
			"file": "minecraft:icons/talk.png",
			"height": 70,
			"ascent": 50,
			"chars": [
				""
			]
		},
		{
			"type": "bitmap",
			"file": "minecraft:icons/steve.png",
			"height": 8,
			"ascent": 8,
			"chars": [
				""
			]
		},
		{
			"type": "bitmap",
			"file": "minecraft:icons/barrier.png",
			"height": 8,
			"ascent": 8,
			"chars": [
				""
			]
	
		},
		{
			"type": "bitmap",
			"file": "minecraft:icons/barrier.png",
			"height": 30,
			"ascent": 30,
			"chars": [
				""
			]
		},
		{
			"type": "bitmap",
			"file": "minecraft:icons/ring.png",
			"height": 9,
			"ascent": 9,
			"chars": [
				""
			]
		},
		{
			"type": "bitmap",
			"file": "minecraft:icons/redstone.png",
			"height": 8,
			"ascent": 8,
			"chars": [
				""
			]
		},
		{
			"type": "bitmap",
			"file": "minecraft:icons/portal.png",
			"height": 8,
			"ascent": 8,
			"chars": [
				""
			]
		},
		{
			"type": "bitmap",
			"file": "minecraft:gui/quit_button.png",
			"height": 20,
			"ascent": 13,
			"chars": [
				""
			]
		},
		{
			"type": "bitmap",
			"file": "minecraft:gui/info.png",
			"height": 60,
			"ascent": -236,
			"chars": [
				""
			]
		},
		{
			"type": "bitmap",
			"file": "minecraft:gui/title.png",
			"height": 60,
			"ascent": 10,
			"chars": [
				""
			]
		},
	    {
			"type": "bitmap",
			"file": "minecraft:gui/top.png",
			"height": 110,
			"ascent": 60,
			"chars": [
				""
			]
		},
        {
            "type": "bitmap",
            "file": "icons/masks/mask-1.png",
            "ascent": 9,
            "height": 10,
            "chars": [
                "ꡀ"
            ]
        },
        {
            "type": "bitmap",
            "file": "icons/masks/mask-2.png",
            "ascent": 9,
            "height": 10,
            "chars": [
                "ꡁ"
            ]
        },
        {
            "type": "bitmap",
            "file": "icons/masks/mask-3.png",
            "ascent": 9,
            "height": 10,
            "chars": [
                "ꡂ"
            ]
        },
        {
            "type": "bitmap",
            "file": "icons/masks/mask-4.png",
            "ascent": 9,
            "height": 10,
            "chars": [
                "ꡃ"
            ]
        },
        {
            "type": "bitmap",
            "file": "icons/masks/mask-5.png",
            "ascent": 9,
            "height": 10,
            "chars": [
                "ꡄ"
            ]
        },
        {
            "type": "bitmap",
            "file": "icons/masks/mask-6.png",
            "ascent": 9,
            "height": 10,
            "chars": [
                "ꡅ"
            ]
        },
        {
            "type": "bitmap",
            "file": "icons/masks/mask-7.png",
            "ascent": 9,
            "height": 10,
            "chars": [
                "ꡆ"
            ]
        },
                {
            "type": "bitmap",
            "file": "icons/hats/hat-1.png",
            "ascent": 9,
            "height": 10,
            "chars": [
                "ꡇ"
            ]
        },
        {
            "type": "bitmap",
            "file": "icons/hats/hat-2.png",
            "ascent": 9,
            "height": 10,
            "chars": [
                "ꡈ"
            ]
        },
        {
            "type": "bitmap",
            "file": "icons/hats/hat-3.png",
            "ascent": 9,
            "height": 10,
            "chars": [
                "ꡉ"
            ]
        },
        {
            "type": "bitmap",
            "file": "icons/hats/hat-4.png",
            "ascent": 9,
            "height": 10,
            "chars": [
                "ꡊ"
            ]
        },
        {
            "type": "bitmap",
            "file": "icons/hats/hat-5.png",
            "ascent": 9,
            "height": 10,
            "chars": [
                "ꡋ"
            ]
        },
        {
            "type": "bitmap",
            "file": "icons/hats/hat-6.png",
            "ascent": 9,
            "height": 10,
            "chars": [
                "ꡌ"
            ]
        },
        {
            "type": "bitmap",
            "file": "icons/gifts/gift-1.png",
            "ascent": 9,
            "height": 10,
            "chars": [
                "ꡍ"
            ]
        },
        {
            "type": "bitmap",
            "file": "icons/gifts/gift-2.png",
            "ascent": 9,
            "height": 10,
            "chars": [
                "ꡎ"
            ]
        },
        {
            "type": "bitmap",
            "file": "icons/gifts/gift-3.png",
            "ascent": 9,
            "height": 10,
            "chars": [
                "ꡏ"
            ]
        },
        {
            "type": "bitmap",
            "file": "icons/gifts/gift-4.png",
            "ascent": 9,
            "height": 10,
            "chars": [
                "ꡐ"
            ]
        },
        {
            "type": "bitmap",
            "file": "icons/gifts/gift-5.png",
            "ascent": 9,
            "height": 10,
            "chars": [
                "ꡑ"
            ]
        },
        {
            "type": "bitmap",
            "file": "icons/gifts/gift-6.png",
            "ascent": 9,
            "height": 10,
            "chars": [
                "ꡒ"
            ]
        },
        {
            "type": "bitmap",
            "file": "icons/bubbles/bubble-1.png",
            "ascent": 9,
            "height": 11,
            "chars": [
                "ꡓ"
            ]
        },
        {
            "type": "bitmap",
            "file": "icons/bubbles/bubble-2.png",
            "ascent": 9,
            "height": 11,
            "chars": [
                "ꡔ"
            ]
        },
        {
            "type": "bitmap",
            "file": "icons/bubbles/bubble-3.png",
            "ascent": 9,
            "height": 11,
            "chars": [
                "ꡕ"
            ]
        },
        {
            "type": "bitmap",
            "file": "icons/bubbles/bubble-4.png",
            "ascent": 9,
            "height": 11,
            "chars": [
                "ꡖ"
            ]
        },
        {
            "type": "bitmap",
            "file": "icons/bubbles/bubble-5.png",
            "ascent": 9,
            "height": 11,
            "chars": [
                "ꡗ"
            ]
        },
        {
            "type": "bitmap",
            "file": "icons/bubbles/bubble-6.png",
            "ascent": 9,
            "height": 11,
            "chars": [
                "ꡘ"
            ]
        },
        {
            "type": "bitmap",
            "file": "icons/bubbles/bubble-7.png",
            "ascent": 9,
            "height": 11,
            "chars": [
                "ꡙ"
            ]
        },
        {
            "type": "bitmap",
            "file": "icons/bubbles/bubble-8.png",
            "ascent": 9,
            "height": 11,
            "chars": [
                "ꡚ"
            ]
        },
        {
            "type": "bitmap",
            "file": "icons/common/anvil.png",
            "ascent": 9,
            "height": 11,
            "chars": [
                "ꡛ"
            ]
        },
        {
            "type": "bitmap",
            "file": "icons/common/book.png",
            "ascent": 9,
            "height": 11,
            "chars": [
                "ꡜ"
            ]
        },
        {
            "type": "bitmap",
            "file": "icons/common/candy.png",
            "ascent": 9,
            "height": 11,
            "chars": [
                "ꡝ"
            ]
        },
        {
            "type": "bitmap",
            "file": "icons/common/chest.png",
            "ascent": 9,
            "height": 11,
            "chars": [
                "ꡞ"
            ]
        },
        {
            "type": "bitmap",
            "file": "icons/common/cloud.png",
            "ascent": 9,
            "height": 11,
            "chars": [
                "ꡟ"
            ]
        },
        {
            "type": "bitmap",
            "file": "icons/common/flame.png",
            "ascent": 9,
            "height": 11,
            "chars": [
                "ꡠ"
            ]
        },
        {
            "type": "bitmap",
            "file": "icons/common/hammer.png",
            "ascent": 9,
            "height": 11,
            "chars": [
                "ꡡ"
            ]
        },
        {
            "type": "bitmap",
            "file": "icons/common/medal.png",
            "ascent": 9,
            "height": 11,
            "chars": [
                "ꡢ"
            ]
        },
        {
            "type": "bitmap",
            "file": "icons/common/sleeping.png",
            "ascent": 9,
            "height": 11,
            "chars": [
                "ꡣ"
            ]
        },
        {
            "type": "bitmap",
            "file": "icons/common/small-star.png",
            "ascent": 9,
            "height": 11,
            "chars": [
                "ꡤ"
            ]
        },
        {
            "type": "bitmap",
            "file": "icons/common/spell.png",
            "ascent": 9,
            "height": 11,
            "chars": [
                "ꡥ"
            ]
        },
        {
            "type": "bitmap",
            "file": "icons/common/spider.png",
            "ascent": 9,
            "height": 11,
            "chars": [
                "ꡦ"
            ]
        },
        {
            "type": "bitmap",
            "file": "icons/common/star.png",
            "ascent": 9,
            "height": 11,
            "chars": [
                "ꡧ"
            ]
        },
        {
            "type": "bitmap",
            "file": "icons/common/sword.png",
            "ascent": 9,
            "height": 11,
            "chars": [
                "ꡨ"
            ]
        },
        {
            "type": "bitmap",
            "file": "icons/common/thunder.png",
            "ascent": 9,
            "height": 11,
            "chars": [
                "ꡩ"
            ]
        },
        {
            "type": "bitmap",
            "file": "icons/common/hat.png",
            "ascent": 9,
            "height": 11,
            "chars": [
                "ꡪ"
            ]
        },
        {
            "type": "bitmap",
            "file": "icons/common/treasure.png",
            "ascent": 9,
            "height": 11,
            "chars": [
                "ꡫ"
            ]
        },
        {
            "type": "bitmap",
            "file": "icons/common/trophy.png",
            "ascent": 9,
            "height": 11,
            "chars": [
                "ꡬ"
            ]
        },
        {
            "type": "bitmap",
            "file": "icons/common/heart.png",
            "ascent": 9,
            "height": 11,
            "chars": [
                "ꡭ"
            ]
        },
        {
            "type": "bitmap",
            "file": "icons/common/coin.png",
            "ascent": 10,
            "height": 11,
            "chars": [
                "ꡮ"
            ]
        },
        {
            "type": "bitmap",
            "file": "icons/common/gem.png",
            "ascent": 9,
            "height": 11,
            "chars": [
                "ꡯ"
            ]
        },
        {
            "type": "bitmap",
            "file": "icons/common/cup.png",
            "ascent": 9,
            "height": 10,
            "chars": [
                "ꡰ"
            ]
        },
        {
            "type": "bitmap",
            "file": "icons/common/small-shield.png",
            "ascent": 9,
            "height": 11,
            "chars": [
                "ꡱ"
            ]
        },
        {
            "type": "bitmap",
            "file": "icons/common/shield-1.png",
            "ascent": 9,
            "height": 11,
            "chars": [
                "ꡲ"
            ]
        },
        {
            "type": "bitmap",
            "file": "icons/common/shield-2.png",
            "ascent": 9,
            "height": 11,
            "chars": [
                "ꡳ"
            ]
        },
        {
            "type": "bitmap",
            "file": "icons/common/shield-3.png",
            "ascent": 9,
            "height": 11,
            "chars": [
                "꡴"
            ]
        },
        {
            "type": "bitmap",
            "file": "icons/common/wing.png",
            "ascent": 11,
            "height": 11,
            "chars": [
                "꡵"
            ]
        },
        {
            "type": "bitmap",
            "file": "icons/common/small-candy.png",
            "ascent": 9,
            "height": 11,
            "chars": [
                "꡶"
            ]
        },
        {
            "type": "bitmap",
            "file": "icons/common/blue-gem.png",
            "ascent": 8,
            "height": 9,
            "chars": [
                "꡷"
            ]
        },
        {
            "type": "bitmap",
            "file": "icons/crystals/crystal-1.png",
            "ascent": 9,
            "height": 11,
            "chars": [
                "ก"
            ]
        },
        {
            "type": "bitmap",
            "file": "icons/crystals/crystal-2.png",
            "ascent": 8,
            "height": 11,
            "chars": [
                "ข"
            ]
        },
        {
            "type": "bitmap",
            "file": "icons/crystals/crystal-3.png",
            "ascent": 9,
            "height": 11,
            "chars": [
                "ฃ"
            ]
        },
        {
            "type": "bitmap",
            "file": "icons/crystals/crystal-4.png",
            "ascent": 9,
            "height": 11,
            "chars": [
                "ค"
            ]
        },
        {
            "type": "bitmap",
            "file": "icons/crystals/crystal-5.png",
            "ascent": 9,
            "height": 11,
            "chars": [
                "ฅ"
            ]
        },
        {
            "type": "bitmap",
            "file": "icons/crystals/crystal-6.png",
            "ascent": 9,
            "height": 11,
            "chars": [
                "ฆ"
            ]
        },
        {
            "type": "bitmap",
            "file": "icons/crystals/crystal-7.png",
            "ascent": 9,
            "height": 11,
            "chars": [
                "ง"
            ]
        },
        {
            "type": "bitmap",
            "file": "icons/crystals/crystal-8.png",
            "ascent": 9,
            "height": 11,
            "chars": [
                "จ"
            ]
        },
        {
            "type": "bitmap",
            "file": "icons/crystals/crystal-9.png",
            "ascent": 9,
            "height": 11,
            "chars": [
                "ฉ"
            ]
        },
        {
            "type": "bitmap",
            "file": "icons/crystals/crystal-10.png",
            "ascent": 9,
            "height": 11,
            "chars": [
                "ช"
            ]
        },
        {
            "type": "bitmap",
            "file": "icons/minecraft/amethyst_shard.png",
            "ascent": 9,
            "height": 11,
            "chars": [
                "ซ"
            ]
        },
        {
            "type": "bitmap",
            "file": "icons/minecraft/apple.png",
            "ascent": 10,
            "height": 11,
            "chars": [
                "ฌ"
            ]
        },
        {
            "type": "bitmap",
            "file": "icons/minecraft/axolotl_bucket.png",
            "ascent": 9,
            "height": 10,
            "chars": [
                "ญ"
            ]
        },
        {
            "type": "bitmap",
            "file": "icons/minecraft/bell.png",
            "ascent": 9,
            "height": 11,
            "chars": [
                "ฎ"
            ]
        },
        {
            "type": "bitmap",
            "file": "icons/minecraft/blaze_powder.png",
            "ascent": 9,
            "height": 11,
            "chars": [
                "ฏ"
            ]
        },
        {
            "type": "bitmap",
            "file": "icons/minecraft/chest.png",
            "ascent": 9,
            "height": 11,
            "chars": [
                "ฐ"
            ]
        },
        {
            "type": "bitmap",
            "file": "icons/minecraft/copper_ingot.png",
            "ascent": 9,
            "height": 11,
            "chars": [
                "ฑ"
            ]
        },
        {
            "type": "bitmap",
            "file": "icons/minecraft/diamond.png",
            "ascent": 9,
            "height": 11,
            "chars": [
                "ฒ"
            ]
        },
        {
            "type": "bitmap",
            "file": "icons/minecraft/emerald.png",
            "ascent": 9,
            "height": 11,
            "chars": [
                "ณ"
            ]
        },
        {
            "type": "bitmap",
            "file": "icons/minecraft/firework_rocket.png",
            "ascent": 9,
            "height": 11,
            "chars": [
                "ด"
            ]
        },
        {
            "type": "bitmap",
            "file": "icons/minecraft/gold_ingot.png",
            "ascent": 9,
            "height": 11,
            "chars": [
                "ต"
            ]
        },
        {
            "type": "bitmap",
            "file": "icons/minecraft/golden_apple.png",
            "ascent": 9,
            "height": 11,
            "chars": [
                "ถ"
            ]
        },
        {
            "type": "bitmap",
            "file": "icons/minecraft/honeycomb.png",
            "ascent": 9,
            "height": 11,
            "chars": [
                "ท"
            ]
        },
        {
            "type": "bitmap",
            "file": "icons/minecraft/nether_star.png",
            "ascent": 9,
            "height": 11,
            "chars": [
                "ธ"
            ]
        },
        {
            "type": "bitmap",
            "file": "icons/minecraft/netherite_ingot.png",
            "ascent": 9,
            "height": 11,
            "chars": [
                "น"
            ]
        },
        {
            "type": "bitmap",
            "file": "icons/minecraft/totem_of_undying.png",
            "ascent": 9,
            "height": 11,
            "chars": [
                "บ"
            ]
        },
        {
            "type": "bitmap",
            "file": "icons/minecraft/turtle_egg.png",
            "ascent": 9,
            "height": 11,
            "chars": [
                "ป"
            ]
        },
        {
            "type": "bitmap",
            "file": "icons/minecraft/xpbottlesmall.png",
            "ascent": 10,
            "height": 10,
            "chars": [
                "ผ"
            ]
        },
        {
            "type": "bitmap",
            "file": "icons/minecraft/heart_of_the_sea.png",
            "ascent": 9,
            "height": 10,
            "chars": [
                "ฝ"
            ]
        },
        {
            "type": "bitmap",
            "file": "icons/minecraft/knowledge_book.png",
            "ascent": 9,
            "height": 10,
            "chars": [
                "พ"
            ]
        },
        {
            "type": "bitmap",
            "file": "icons/minecraft/light.png",
            "ascent": 9,
            "height": 10,
            "chars": [
                "ฟ"
            ]
        },
        {
            "type": "bitmap",
            "file": "icons/minecraft/magma_cream.png",
            "ascent": 9,
            "height": 10,
            "chars": [
                "ภ"
            ]
        },
        {
            "type": "bitmap",
            "file": "icons/minecraft/slime_ball.png",
            "ascent": 9,
            "height": 10,
            "chars": [
                "ม"
            ]
        },
        {
            "type": "bitmap",
            "file": "icons/ruby/ruby-1.png",
            "ascent": 9,
            "height": 10,
            "chars": [
                "ย"
            ]
        },
        {
            "type": "bitmap",
            "file": "icons/ruby/ruby-2.png",
            "ascent": 9,
            "height": 10,
            "chars": [
                "ร"
            ]
        },
        {
            "type": "bitmap",
            "file": "icons/ruby/ruby-3.png",
            "ascent": 9,
            "height": 10,
            "chars": [
                "ฤ"
            ]
        },
        {
            "type": "bitmap",
            "file": "icons/ruby/ruby-4.png",
            "ascent": 9,
            "height": 10,
            "chars": [
                "ล"
            ]
        },
        {
            "type": "bitmap",
            "file": "icons/ruby/ruby-5.png",
            "ascent": 9,
            "height": 10,
            "chars": [
                "ฦ"
            ]
        },
        {
            "type": "bitmap",
            "file": "icons/ruby/ruby-6.png",
            "ascent": 9,
            "height": 10,
            "chars": [
                "ว"
            ]
        },
        {
            "type": "bitmap",
            "file": "icons/ruby/ruby-7.png",
            "ascent": 9,
            "height": 10,
            "chars": [
                "ศ"
            ]
        },
        {
            "type": "bitmap",
            "file": "icons/ruby/ruby-8.png",
            "ascent": 9,
            "height": 10,
            "chars": [
                "ษ"
            ]
        }
    ]
}
