{
	"credit": "Made by b2",
	"parent": "space:block/template_block_1_tall",
	"texture_size": [64, 64],
	"textures": {
		"0": "space:block/emp"
	},
	"elements": [
		{
			"from": [2, 0, 2],
			"to": [14, 4, 14],
			"rotation": {"angle": 0, "axis": "y", "origin": [8, 0, 8]},
			"faces": {
				"north": {"uv": [3, 3, 6, 4], "texture": "#0"},
				"east": {"uv": [0, 3, 3, 4], "texture": "#0"},
				"south": {"uv": [9, 3, 12, 4], "texture": "#0"},
				"west": {"uv": [6, 3, 9, 4], "texture": "#0"},
				"up": {"uv": [6, 3, 3, 0], "texture": "#0"},
				"down": {"uv": [9, 0, 6, 3], "texture": "#0"}
			}
		},
		{
			"from": [13.499, -0.001, 6.999],
			"to": [16.501, 5.001, 9.001],
			"rotation": {"angle": 45, "axis": "y", "origin": [8, 0, 8]},
			"faces": {
				"north": {"uv": [6.5, 10, 7.25, 11.25], "texture": "#0"},
				"east": {"uv": [6, 10, 6.5, 11.25], "texture": "#0"},
				"south": {"uv": [7.75, 10, 8.5, 11.25], "texture": "#0"},
				"west": {"uv": [7.25, 10, 7.75, 11.25], "texture": "#0"},
				"up": {"uv": [7.25, 10, 6.5, 9.5], "texture": "#0"},
				"down": {"uv": [8, 9.5, 7.25, 10], "texture": "#0"}
			}
		},
		{
			"from": [-0.501, -0.001, 6.999],
			"to": [2.501, 5.001, 9.001],
			"rotation": {"angle": -45, "axis": "y", "origin": [8, 0, 8]},
			"faces": {
				"north": {"uv": [7.25, 10, 6.5, 11.25], "texture": "#0"},
				"east": {"uv": [7.75, 10, 7.25, 11.25], "texture": "#0"},
				"south": {"uv": [8.5, 10, 7.75, 11.25], "texture": "#0"},
				"west": {"uv": [6.5, 10, 6, 11.25], "texture": "#0"},
				"up": {"uv": [6.5, 10, 7.25, 9.5], "texture": "#0"},
				"down": {"uv": [7.25, 9.5, 8, 10], "texture": "#0"}
			}
		},
		{
			"from": [-0.501, -0.001, 6.999],
			"to": [2.501, 5.001, 9.001],
			"rotation": {"angle": 45, "axis": "y", "origin": [8, 0, 8]},
			"faces": {
				"north": {"uv": [7.25, 10, 6.5, 11.25], "texture": "#0"},
				"east": {"uv": [7.75, 10, 7.25, 11.25], "texture": "#0"},
				"south": {"uv": [8.5, 10, 7.75, 11.25], "texture": "#0"},
				"west": {"uv": [6.5, 10, 6, 11.25], "texture": "#0"},
				"up": {"uv": [6.5, 10, 7.25, 9.5], "texture": "#0"},
				"down": {"uv": [7.25, 9.5, 8, 10], "texture": "#0"}
			}
		},
		{
			"from": [13.499, -0.001, 6.999],
			"to": [16.501, 5.001, 9.001],
			"rotation": {"angle": -45, "axis": "y", "origin": [8, 0, 8]},
			"faces": {
				"north": {"uv": [6.5, 10, 7.25, 11.25], "texture": "#0"},
				"east": {"uv": [6, 10, 6.5, 11.25], "texture": "#0"},
				"south": {"uv": [7.75, 10, 8.5, 11.25], "texture": "#0"},
				"west": {"uv": [7.25, 10, 7.75, 11.25], "texture": "#0"},
				"up": {"uv": [7.25, 10, 6.5, 9.5], "texture": "#0"},
				"down": {"uv": [8, 9.5, 7.25, 10], "texture": "#0"}
			}
		},
		{
			"from": [6, 4, 6],
			"to": [10, 5, 10],
			"rotation": {"angle": 0, "axis": "y", "origin": [8, 0, 8]},
			"faces": {
				"north": {"uv": [1, 8.5, 2, 8.75], "texture": "#0"},
				"east": {"uv": [0, 8.5, 1, 8.75], "texture": "#0"},
				"south": {"uv": [3, 8.5, 4, 8.75], "texture": "#0"},
				"west": {"uv": [2, 8.5, 3, 8.75], "texture": "#0"},
				"up": {"uv": [2, 8.5, 1, 7.5], "texture": "#0"},
				"down": {"uv": [3, 7.5, 2, 8.5], "texture": "#0"}
			}
		},
		{
			"from": [6.5, 5, 6.5],
			"to": [9.5, 7, 9.5],
			"rotation": {"angle": 0, "axis": "y", "origin": [8, 0, 8]},
			"faces": {
				"north": {"uv": [0.75, 9.75, 1.5, 10.25], "texture": "#0"},
				"east": {"uv": [0, 9.75, 0.75, 10.25], "texture": "#0"},
				"south": {"uv": [2.25, 9.75, 3, 10.25], "texture": "#0"},
				"west": {"uv": [1.5, 9.75, 2.25, 10.25], "texture": "#0"},
				"up": {"uv": [1.5, 9.75, 0.75, 9], "texture": "#0"},
				"down": {"uv": [2.25, 9, 1.5, 9.75], "texture": "#0"}
			}
		},
		{
			"from": [5, 7, 5],
			"to": [11, 13, 11],
			"rotation": {"angle": 0, "axis": "y", "origin": [8, 0, 8]},
			"faces": {
				"north": {"uv": [1.5, 5.75, 3, 7.25], "texture": "#0"},
				"east": {"uv": [0, 5.75, 1.5, 7.25], "texture": "#0"},
				"south": {"uv": [4.5, 5.75, 6, 7.25], "texture": "#0"},
				"west": {"uv": [3, 5.75, 4.5, 7.25], "texture": "#0"},
				"up": {"uv": [3, 5.75, 1.5, 4.25], "texture": "#0"},
				"down": {"uv": [4.5, 4.25, 3, 5.75], "texture": "#0"}
			}
		},
		{
			"from": [7, 9, 7],
			"to": [9, 11, 9],
			"rotation": {"angle": 0, "axis": "y", "origin": [8, 10, 8]},
			"faces": {
				"north": {"uv": [9.25, 10, 9.75, 10.5], "texture": "#0"},
				"east": {"uv": [8.75, 10, 9.25, 10.5], "texture": "#0"},
				"south": {"uv": [10.25, 10, 10.75, 10.5], "texture": "#0"},
				"west": {"uv": [9.75, 10, 10.25, 10.5], "texture": "#0"},
				"up": {"uv": [9.75, 10, 9.25, 9.5], "texture": "#0"},
				"down": {"uv": [10.25, 9.5, 9.75, 10], "texture": "#0"}
			}
		},
		{
			"from": [5, 7, 8],
			"to": [11, 13, 8],
			"rotation": {"angle": 0, "axis": "y", "origin": [8, 10, 8]},
			"faces": {
				"north": {"uv": [7.5, 7.75, 9, 9.25], "texture": "#0"},
				"east": {"uv": [7.5, 7.75, 7.5, 9.25], "texture": "#0"},
				"south": {"uv": [9, 7.75, 10.5, 9.25], "texture": "#0"},
				"west": {"uv": [9, 7.75, 9, 9.25], "texture": "#0"},
				"up": {"uv": [9, 7.75, 7.5, 7.75], "texture": "#0"},
				"down": {"uv": [10.5, 7.75, 9, 7.75], "texture": "#0"}
			}
		},
		{
			"from": [5, 7, 8],
			"to": [11, 13, 8],
			"rotation": {"angle": 45, "axis": "y", "origin": [8, 10, 8]},
			"faces": {
				"north": {"uv": [7.5, 7.75, 9, 9.25], "texture": "#0"},
				"east": {"uv": [7.5, 7.75, 7.5, 9.25], "texture": "#0"},
				"south": {"uv": [9, 7.75, 10.5, 9.25], "texture": "#0"},
				"west": {"uv": [9, 7.75, 9, 9.25], "texture": "#0"},
				"up": {"uv": [9, 7.75, 7.5, 7.75], "texture": "#0"},
				"down": {"uv": [10.5, 7.75, 9, 7.75], "texture": "#0"}
			}
		},
		{
			"from": [5, 7, 8],
			"to": [11, 13, 8],
			"rotation": {"angle": 45, "axis": "y", "origin": [8, 10, 8]},
			"faces": {
				"north": {"uv": [7.5, 7.75, 9, 9.25], "texture": "#0"},
				"east": {"uv": [7.5, 7.75, 7.5, 9.25], "texture": "#0"},
				"south": {"uv": [9, 7.75, 10.5, 9.25], "texture": "#0"},
				"west": {"uv": [9, 7.75, 9, 9.25], "texture": "#0"},
				"up": {"uv": [9, 7.75, 7.5, 7.75], "texture": "#0"},
				"down": {"uv": [10.5, 7.75, 9, 7.75], "texture": "#0"}
			}
		},
		{
			"from": [5, 7, 8],
			"to": [11, 13, 8],
			"rotation": {"angle": -45, "axis": "y", "origin": [8, 10, 8]},
			"faces": {
				"north": {"uv": [7.5, 7.75, 9, 9.25], "texture": "#0"},
				"east": {"uv": [7.5, 7.75, 7.5, 9.25], "texture": "#0"},
				"south": {"uv": [9, 7.75, 10.5, 9.25], "texture": "#0"},
				"west": {"uv": [9, 7.75, 9, 9.25], "texture": "#0"},
				"up": {"uv": [9, 7.75, 7.5, 7.75], "texture": "#0"},
				"down": {"uv": [10.5, 7.75, 9, 7.75], "texture": "#0"}
			}
		}
	]
}