{
	"credit": "Made by b2",
	"textures": {
		"0": "space:item/laser_gun"
	},
	"elements": [
		{
			"from": [-1, 0, -1],
			"to": [1, 2, 3],
			"faces": {
				"north": {"uv": [4, 4, 6, 6], "texture": "#0"},
				"east": {"uv": [0, 4, 4, 6], "texture": "#0"},
				"south": {"uv": [10, 4, 12, 6], "texture": "#0"},
				"west": {"uv": [6, 4, 10, 6], "texture": "#0"},
				"up": {"uv": [6, 4, 4, 0], "texture": "#0"},
				"down": {"uv": [8, 0, 6, 4], "texture": "#0"}
			}
		},
		{
			"from": [-0.5, -3, 1],
			"to": [0.5, 0, 3],
			"rotation": {"angle": -45, "axis": "x", "origin": [0, 0, 1]},
			"faces": {
				"north": {"uv": [2, 10, 3, 13], "texture": "#0"},
				"east": {"uv": [0, 10, 2, 13], "texture": "#0"},
				"south": {"uv": [5, 10, 6, 13], "texture": "#0"},
				"west": {"uv": [3, 10, 5, 13], "texture": "#0"},
				"up": {"uv": [3, 10, 2, 8], "texture": "#0"},
				"down": {"uv": [4, 8, 3, 10], "texture": "#0"}
			}
		},
		{
			"from": [0, -1, 0],
			"to": [0, 0, 1],
			"faces": {
				"north": {"uv": [1, 8, 1, 9], "texture": "#0"},
				"east": {"uv": [0, 8, 1, 9], "texture": "#0"},
				"south": {"uv": [2, 8, 2, 9], "texture": "#0"},
				"west": {"uv": [1, 8, 2, 9], "texture": "#0"},
				"up": {"uv": [1, 8, 1, 7], "texture": "#0"},
				"down": {"uv": [1, 7, 1, 8], "texture": "#0"}
			}
		},
		{
			"from": [-1, 0, -5],
			"to": [1, 2, -4],
			"faces": {
				"north": {"uv": [9, 1, 11, 3], "texture": "#0"},
				"east": {"uv": [8, 1, 9, 3], "texture": "#0"},
				"south": {"uv": [12, 1, 14, 3], "texture": "#0"},
				"west": {"uv": [11, 1, 12, 3], "texture": "#0"},
				"up": {"uv": [11, 1, 9, 0], "texture": "#0"},
				"down": {"uv": [13, 0, 11, 1], "texture": "#0"}
			}
		},
		{
			"from": [-0.5, 0.5, -4],
			"to": [0.5, 1.5, -1],
			"faces": {
				"north": {"uv": [8, 9, 9, 10], "texture": "#0"},
				"east": {"uv": [5, 9, 8, 10], "texture": "#0"},
				"south": {"uv": [12, 9, 13, 10], "texture": "#0"},
				"west": {"uv": [9, 9, 12, 10], "texture": "#0"},
				"up": {"uv": [9, 9, 8, 6], "texture": "#0"},
				"down": {"uv": [10, 6, 9, 9], "texture": "#0"}
			}
		},
		{
			"from": [-1, 0, -2],
			"to": [1, 2, -2],
			"faces": {
				"north": {"uv": [0, 2, 2, 4], "texture": "#0"},
				"east": {"uv": [0, 2, 0, 4], "texture": "#0"},
				"south": {"uv": [2, 2, 4, 4], "texture": "#0"},
				"west": {"uv": [2, 2, 2, 4], "texture": "#0"},
				"up": {"uv": [2, 2, 0, 2], "texture": "#0"},
				"down": {"uv": [4, 2, 2, 2], "texture": "#0"}
			}
		},
		{
			"from": [-1, 0, -3],
			"to": [1, 2, -3],
			"faces": {
				"north": {"uv": [0, 0, 2, 2], "texture": "#0"},
				"east": {"uv": [0, 0, 0, 2], "texture": "#0"},
				"south": {"uv": [2, 0, 4, 2], "texture": "#0"},
				"west": {"uv": [2, 0, 2, 2], "texture": "#0"},
				"up": {"uv": [2, 0, 0, 0], "texture": "#0"},
				"down": {"uv": [4, 0, 2, 0], "texture": "#0"}
			}
		},
		{
			"from": [0, 1, 0],
			"to": [0, 3, 4],
			"faces": {
				"north": {"uv": [4, 6, 4, 8], "texture": "#0"},
				"east": {"uv": [0, 6, 4, 8], "texture": "#0"},
				"south": {"uv": [8, 6, 8, 8], "texture": "#0"},
				"west": {"uv": [4, 6, 8, 8], "texture": "#0"},
				"up": {"uv": [4, 6, 4, 2], "texture": "#0"},
				"down": {"uv": [4, 2, 4, 6], "texture": "#0"}
			}
		}
	],
	"gui_light": "front",
	"display": {
		"thirdperson_righthand": {
			"translation": [8, 8, 6.5]
		},
		"thirdperson_lefthand": {
			"translation": [-8, 8, 6.5]
		},
		"firstperson_righthand": {
			"translation": [60, 18, 0],
			"scale": [4, 4, 4]
		},
		"firstperson_lefthand": {
			"translation": [-4, 18, 0],
			"scale": [4, 4, 4]
		},
		"ground": {
			"translation": [12.5, 12.5, 13.25],
			"scale": [1.57, 1.57, 1.57]
		},
		"gui": {
			"rotation": [13, -133, 0],
			"translation": [-18.25, 11.5, -16.25],
			"scale": [1.6, 1.6, 1.6]
		},
		"fixed": {
			"rotation": [0, 90, 0],
			"translation": [16.75, 14, -16.25],
			"scale": [2, 2, 2]
		}
	}
}