{
	"credit": "Made by OLLIEZ4",
	"textures": {
		"0": "space:item/lead_chestplate",
		"particle": "space:item/lead_chestplate"
	},
	"elements": [
		{
			"from": [5, 1, 8],
			"to": [11, 11, 9],
			"faces": {
				"north": {"uv": [5, 5, 11, 15], "texture": "#0"},
				"east": {"uv": [5, 14, 6, 15], "texture": "#0"},
				"south": {"uv": [5, 5, 11, 15], "texture": "#0"},
				"west": {"uv": [10, 14, 11, 15], "texture": "#0"},
				"up": {"uv": [5, 5, 11, 6], "texture": "#0"},
				"down": {"uv": [5, 14, 11, 15], "texture": "#0"}
			}
		},
		{
			"from": [11, 3, 8],
			"to": [13, 14, 9],
			"faces": {
				"north": {"uv": [3, 2, 5, 13], "texture": "#0"},
				"east": {"uv": [3, 8, 4, 13], "texture": "#0"},
				"south": {"uv": [11, 2, 13, 13], "texture": "#0"},
				"up": {"uv": [3, 2, 5, 3], "texture": "#0"},
				"down": {"uv": [3, 12, 4, 13], "texture": "#0"}
			}
		},
		{
			"from": [3, 3, 8],
			"to": [5, 14, 9],
			"faces": {
				"north": {"uv": [11, 2, 13, 13], "texture": "#0"},
				"south": {"uv": [3, 2, 5, 13], "texture": "#0"},
				"west": {"uv": [12, 8, 13, 13], "texture": "#0"},
				"up": {"uv": [11, 2, 13, 3], "texture": "#0"},
				"down": {"uv": [12, 12, 13, 13], "texture": "#0"}
			}
		},
		{
			"from": [4, 2, 8],
			"to": [5, 3, 9],
			"faces": {
				"north": {"uv": [11, 13, 12, 14], "texture": "#0"},
				"south": {"uv": [4, 13, 5, 14], "texture": "#0"},
				"west": {"uv": [4, 13, 5, 14], "texture": "#0"},
				"down": {"uv": [4, 13, 5, 14], "texture": "#0"}
			}
		},
		{
			"from": [11, 2, 8],
			"to": [12, 3, 9],
			"faces": {
				"north": {"uv": [4, 13, 5, 14], "texture": "#0"},
				"east": {"uv": [4, 13, 5, 14], "texture": "#0"},
				"south": {"uv": [4, 13, 5, 14], "texture": "#0"},
				"down": {"uv": [4, 13, 5, 14], "texture": "#0"}
			}
		},
		{
			"from": [10, 11, 8],
			"to": [11, 14, 9],
			"faces": {
				"north": {"uv": [5, 2, 6, 5], "texture": "#0"},
				"south": {"uv": [10, 2, 11, 5], "texture": "#0"},
				"west": {"uv": [5, 2, 6, 5], "texture": "#0"},
				"up": {"uv": [5, 2, 6, 3], "texture": "#0"}
			}
		},
		{
			"from": [5, 11, 8],
			"to": [6, 14, 9],
			"faces": {
				"north": {"uv": [10, 2, 11, 5], "texture": "#0"},
				"east": {"uv": [10, 2, 11, 5], "texture": "#0"},
				"south": {"uv": [5, 2, 6, 5], "texture": "#0"},
				"up": {"uv": [10, 2, 11, 3], "texture": "#0"}
			}
		},
		{
			"from": [6, 11, 8],
			"to": [7, 12, 9],
			"faces": {
				"north": {"uv": [9, 4, 10, 5], "texture": "#0"},
				"east": {"uv": [9, 4, 10, 5], "texture": "#0"},
				"south": {"uv": [6, 4, 7, 5], "texture": "#0"},
				"up": {"uv": [9, 4, 10, 5], "texture": "#0"}
			}
		},
		{
			"from": [9, 11, 8],
			"to": [10, 12, 9],
			"faces": {
				"north": {"uv": [6, 4, 7, 5], "texture": "#0"},
				"south": {"uv": [6, 4, 7, 5], "texture": "#0"},
				"west": {"uv": [6, 4, 7, 5], "texture": "#0"},
				"up": {"uv": [6, 4, 7, 5], "texture": "#0"}
			}
		},
		{
			"from": [13, 8, 8],
			"to": [15, 14, 9],
			"faces": {
				"north": {"uv": [1, 2, 3, 8], "texture": "#0"},
				"east": {"uv": [1, 2, 2, 8], "texture": "#0"},
				"south": {"uv": [13, 2, 15, 8], "texture": "#0"},
				"up": {"uv": [1, 2, 3, 3], "texture": "#0"},
				"down": {"uv": [1, 7, 3, 8], "texture": "#0"}
			}
		},
		{
			"from": [1, 8, 8],
			"to": [3, 14, 9],
			"faces": {
				"north": {"uv": [13, 2, 15, 8], "texture": "#0"},
				"south": {"uv": [1, 2, 3, 8], "texture": "#0"},
				"west": {"uv": [14, 2, 15, 8], "texture": "#0"},
				"up": {"uv": [13, 2, 15, 3], "texture": "#0"},
				"down": {"uv": [13, 7, 15, 8], "texture": "#0"}
			}
		}
	],
	"gui_light": "front",
	"display": {
		"thirdperson_righthand": {
			"translation": [0, 3, 1],
			"scale": [0.55, 0.55, 0.55]
		},
		"thirdperson_lefthand": {
			"translation": [0, 3, 1],
			"scale": [0.55, 0.55, 0.55]
		},
		"firstperson_righthand": {
			"rotation": [0, -90, 25],
			"translation": [1.13, 3.2, 1.13],
			"scale": [0.68, 0.68, 0.68]
		},
		"firstperson_lefthand": {
			"rotation": [0, -90, 25],
			"translation": [1.13, 3.2, 1.13],
			"scale": [0.68, 0.68, 0.68]
		},
		"ground": {
			"translation": [0, 2, 0],
			"scale": [0.5, 0.5, 0.5]
		},
		"head": {
			"rotation": [0, 180, 0],
			"translation": [0, 13, 7]
		},
		"fixed": {
			"rotation": [0, 180, 0]
		}
	}
}